Name_1,TotalCases,ActiveCases,Recovered,Death,Date,Time,NewCases,NoNewCasesSince
Andhra Pradesh,3,3,0,0,2020-03-21,23:11:33,0.0,0.0
Chhattisgarh,1,1,0,0,2020-03-21,23:11:33,0.0,0.0
Delhi,26,20,5,1,2020-03-21,23:11:33,0.0,0.0
Gujarat,7,7,0,0,2020-03-21,23:11:33,0.0,0.0
Haryana,17,17,0,0,2020-03-21,23:11:33,0.0,0.0
Himachal Pradesh,2,2,0,0,2020-03-21,23:11:33,0.0,0.0
Karnataka,15,13,1,1,2020-03-21,23:11:33,0.0,0.0
Kerala,40,37,3,0,2020-03-21,23:11:33,0.0,0.0
Madhya Pradesh,4,4,0,0,2020-03-21,23:11:33,0.0,0.0
Maharashtra,63,62,0,1,2020-03-21,23:11:33,0.0,0.0
Odisha,2,2,0,0,2020-03-21,23:11:33,0.0,0.0
Puducherry,1,1,0,0,2020-03-21,23:11:33,0.0,0.0
Punjab,13,12,0,1,2020-03-21,23:11:33,0.0,0.0
Rajasthan,17,14,3,0,2020-03-21,23:11:33,0.0,0.0
Tamil Nadu,3,2,1,0,2020-03-21,23:11:33,0.0,0.0
Telengana,21,20,1,0,2020-03-21,23:11:33,0.0,0.0
Chandigarh,1,1,0,0,2020-03-21,23:11:33,0.0,0.0
Jammu and Kashmir,4,4,0,0,2020-03-21,23:11:33,0.0,0.0
Ladakh,13,13,0,0,2020-03-21,23:11:33,0.0,0.0
Uttar Pradesh,24,15,9,0,2020-03-21,23:11:33,0.0,0.0
Uttarakhand,3,3,0,0,2020-03-21,23:11:33,0.0,0.0
West Bengal,3,3,0,0,2020-03-21,23:11:33,0.0,0.0
Andhra Pradesh,3,3,0,0,2020-03-22,19:23:02,0.0,1.0
Chhattisgarh,1,1,0,0,2020-03-22,19:23:02,0.0,1.0
Delhi,27,21,5,1,2020-03-22,19:23:02,1.0,0.0
Gujarat,14,14,0,0,2020-03-22,19:23:02,7.0,0.0
Haryana,17,17,0,0,2020-03-22,19:23:02,0.0,1.0
Himachal Pradesh,2,2,0,0,2020-03-22,19:23:02,0.0,1.0
Karnataka,20,17,2,1,2020-03-22,19:23:02,5.0,0.0
Kerala,52,49,3,0,2020-03-22,19:23:02,12.0,0.0
Madhya Pradesh,4,4,0,0,2020-03-22,19:23:02,0.0,1.0
Maharashtra,63,61,0,2,2020-03-22,19:23:02,0.0,1.0
Odisha,2,2,0,0,2020-03-22,19:23:02,0.0,1.0
Puducherry,1,1,0,0,2020-03-22,19:23:02,0.0,1.0
Punjab,13,12,0,1,2020-03-22,19:23:02,0.0,1.0
Rajasthan,24,21,3,0,2020-03-22,19:23:02,7.0,0.0
Tamil Nadu,6,5,1,0,2020-03-22,19:23:02,3.0,0.0
Telengana,21,20,1,0,2020-03-22,19:23:02,0.0,1.0
Chandigarh,5,5,0,0,2020-03-22,19:23:02,4.0,0.0
Jammu and Kashmir,4,4,0,0,2020-03-22,19:23:02,0.0,1.0
Ladakh,13,13,0,0,2020-03-22,19:23:02,0.0,1.0
Uttar Pradesh,25,16,9,0,2020-03-22,19:23:02,1.0,0.0
Uttarakhand,3,3,0,0,2020-03-22,19:23:02,0.0,1.0
West Bengal,4,4,0,0,2020-03-22,19:23:02,1.0,0.0
Andhra Pradesh,7,7,0,0,2020-03-23,22:57:04,4.0,0.0
Bihar,2,1,0,1,2020-03-23,22:57:04,0.0,0.0
Chhattisgarh,1,1,0,0,2020-03-23,22:57:04,0.0,2.0
Delhi,29,23,5,1,2020-03-23,22:57:04,2.0,0.0
Gujarat,29,28,0,1,2020-03-23,22:57:04,15.0,0.0
Haryana,26,15,11,0,2020-03-23,22:57:04,9.0,0.0
Himachal Pradesh,3,2,0,1,2020-03-23,22:57:04,1.0,0.0
Karnataka,33,30,2,1,2020-03-23,22:57:04,13.0,0.0
Kerala,67,64,3,0,2020-03-23,22:57:04,15.0,0.0
Madhya Pradesh,6,6,0,0,2020-03-23,22:57:04,2.0,0.0
Maharashtra,74,72,0,2,2020-03-23,22:57:04,11.0,0.0
Odisha,2,2,0,0,2020-03-23,22:57:04,0.0,2.0
Puducherry,1,1,0,0,2020-03-23,22:57:04,0.0,2.0
Punjab,21,20,0,1,2020-03-23,22:57:04,8.0,0.0
Rajasthan,28,25,3,0,2020-03-23,22:57:04,4.0,0.0
Tamil Nadu,9,8,1,0,2020-03-23,22:57:04,3.0,0.0
Telengana,32,31,1,0,2020-03-23,22:57:04,11.0,0.0
Chandigarh,6,6,0,0,2020-03-23,22:57:04,1.0,0.0
Jammu and Kashmir,4,4,0,0,2020-03-23,22:57:04,0.0,2.0
Ladakh,13,13,0,0,2020-03-23,22:57:04,0.0,2.0
Uttar Pradesh,31,22,9,0,2020-03-23,22:57:04,6.0,0.0
Uttarakhand,3,3,0,0,2020-03-23,22:57:04,0.0,2.0
West Bengal,7,6,0,1,2020-03-23,22:57:04,3.0,0.0
Andhra Pradesh,8,8,0,0,2020-03-24,23:42:48,1.0,0.0
Bihar,3,2,0,1,2020-03-24,23:42:48,1.0,0.0
Chhattisgarh,1,1,0,0,2020-03-24,23:42:48,0.0,3.0
Delhi,30,22,6,2,2020-03-24,23:42:48,1.0,0.0
Gujarat,33,32,0,1,2020-03-24,23:42:48,4.0,0.0
Haryana,28,17,11,0,2020-03-24,23:42:48,2.0,0.0
Himachal Pradesh,3,2,0,1,2020-03-24,23:42:48,0.0,1.0
Karnataka,37,33,3,1,2020-03-24,23:42:48,4.0,0.0
Kerala,95,91,4,0,2020-03-24,23:42:48,28.0,0.0
Madhya Pradesh,7,7,0,0,2020-03-24,23:42:48,1.0,0.0
Maharashtra,89,87,0,2,2020-03-24,23:42:48,15.0,0.0
Manipur,1,1,0,0,2020-03-24,23:42:48,0.0,0.0
Odisha,2,2,0,0,2020-03-24,23:42:48,0.0,3.0
Puducherry,1,1,0,0,2020-03-24,23:42:48,0.0,3.0
Punjab,29,28,0,1,2020-03-24,23:42:48,8.0,0.0
Rajasthan,32,29,3,0,2020-03-24,23:42:48,4.0,0.0
Tamil Nadu,15,14,1,0,2020-03-24,23:42:48,6.0,0.0
Telengana,35,34,1,0,2020-03-24,23:42:48,3.0,0.0
Chandigarh,7,7,0,0,2020-03-24,23:42:48,1.0,0.0
Jammu and Kashmir,4,4,0,0,2020-03-24,23:42:48,0.0,3.0
Ladakh,13,13,0,0,2020-03-24,23:42:48,0.0,3.0
Uttar Pradesh,33,22,11,0,2020-03-24,23:42:48,2.0,0.0
Uttarakhand,4,4,0,0,2020-03-24,23:42:48,1.0,0.0
West Bengal,9,8,0,1,2020-03-24,23:42:48,2.0,0.0
Andhra Pradesh,9,8,1,0,2020-03-25,22:52:47,1.0,0.0
Bihar,4,3,0,1,2020-03-25,22:52:47,1.0,0.0
Chhattisgarh,1,1,0,0,2020-03-25,22:52:47,0.0,4.0
Delhi,31,24,6,1,2020-03-25,22:52:47,1.0,0.0
Gujarat,38,37,0,1,2020-03-25,22:52:47,5.0,0.0
Haryana,28,17,11,0,2020-03-25,22:52:47,0.0,1.0
Himachal Pradesh,3,2,0,1,2020-03-25,22:52:47,0.0,2.0
Karnataka,41,37,3,1,2020-03-25,22:52:47,4.0,0.0
Kerala,109,105,4,0,2020-03-25,22:52:47,14.0,0.0
Madhya Pradesh,14,14,0,0,2020-03-25,22:52:47,7.0,0.0
Maharashtra,128,124,1,3,2020-03-25,22:52:47,39.0,0.0
Manipur,1,1,0,0,2020-03-25,22:52:47,0.0,1.0
Mizoram,1,1,0,0,2020-03-25,22:52:47,0.0,0.0
Odisha,2,2,0,0,2020-03-25,22:52:47,0.0,4.0
Puducherry,1,1,0,0,2020-03-25,22:52:47,0.0,4.0
Punjab,29,28,0,1,2020-03-25,22:52:47,0.0,1.0
Rajasthan,36,33,3,0,2020-03-25,22:52:47,4.0,0.0
Tamil Nadu,18,17,1,0,2020-03-25,22:52:47,3.0,0.0
Telengana,35,34,1,0,2020-03-25,22:52:47,0.0,1.0
Chandigarh,7,7,0,0,2020-03-25,22:52:47,0.0,1.0
Jammu and Kashmir,7,6,1,0,2020-03-25,22:52:47,3.0,0.0
Ladakh,13,13,0,0,2020-03-25,22:52:47,0.0,4.0
Uttar Pradesh,37,26,11,0,2020-03-25,22:52:47,4.0,0.0
Uttarakhand,4,4,0,0,2020-03-25,22:52:47,0.0,1.0
West Bengal,9,8,0,1,2020-03-25,22:52:47,0.0,1.0
Andhra Pradesh,11,10,1,0,2020-03-26,18:45:26,2.0,0.0
Bihar,3,2,0,1,2020-03-26,18:45:26,-1.0,1.0
Chhattisgarh,3,3,0,0,2020-03-26,18:45:26,2.0,0.0
Delhi,35,28,6,1,2020-03-26,18:45:26,4.0,0.0
Goa,3,3,0,0,2020-03-26,18:45:26,0.0,0.0
Gujarat,38,36,0,2,2020-03-26,18:45:26,0.0,1.0
Haryana,30,19,11,0,2020-03-26,18:45:26,2.0,0.0
Himachal Pradesh,3,2,0,1,2020-03-26,18:45:26,0.0,3.0
Karnataka,41,37,3,1,2020-03-26,18:45:26,0.0,1.0
Kerala,118,114,4,0,2020-03-26,18:45:26,9.0,0.0
Madhya Pradesh,15,14,0,1,2020-03-26,18:45:26,1.0,0.0
Maharashtra,124,120,1,3,2020-03-26,18:45:26,-4.0,1.0
Manipur,1,1,0,0,2020-03-26,18:45:26,0.0,2.0
Mizoram,1,1,0,0,2020-03-26,18:45:26,0.0,1.0
Odisha,2,2,0,0,2020-03-26,18:45:26,0.0,5.0
Puducherry,1,1,0,0,2020-03-26,18:45:26,0.0,5.0
Punjab,33,32,0,1,2020-03-26,18:45:26,4.0,0.0
Rajasthan,38,35,3,0,2020-03-26,18:45:26,2.0,0.0
Tamil Nadu,26,24,1,1,2020-03-26,18:45:26,8.0,0.0
Telengana,41,40,1,0,2020-03-26,18:45:26,6.0,0.0
Chandigarh,7,7,0,0,2020-03-26,18:45:26,0.0,2.0
Jammu and Kashmir,11,10,1,0,2020-03-26,18:45:26,4.0,0.0
Ladakh,13,13,0,0,2020-03-26,18:45:26,0.0,5.0
Uttar Pradesh,37,26,11,0,2020-03-26,18:45:26,0.0,1.0
Uttarakhand,5,5,0,0,2020-03-26,18:45:26,1.0,0.0
West Bengal,9,8,0,1,2020-03-26,18:45:26,0.0,2.0
Andaman and Nicobar Islands,1,1,0,0,2020-03-27,23:49:02,0.0,0.0
Andhra Pradesh,12,11,1,0,2020-03-27,23:49:02,1.0,0.0
Bihar,6,5,0,1,2020-03-27,23:49:02,3.0,0.0
Chandigarh,7,7,0,0,2020-03-27,23:49:02,0.0,3.0
Chhattisgarh,6,6,0,0,2020-03-27,23:49:02,3.0,0.0
Delhi,36,29,6,1,2020-03-27,23:49:02,1.0,0.0
Goa,3,3,0,0,2020-03-27,23:49:02,0.0,1.0
Gujarat,43,40,0,3,2020-03-27,23:49:02,5.0,0.0
Haryana,30,19,11,0,2020-03-27,23:49:02,0.0,1.0
Himachal Pradesh,3,2,0,1,2020-03-27,23:49:02,0.0,4.0
Jammu and Kashmir,13,11,1,1,2020-03-27,23:49:02,2.0,0.0
Karnataka,55,50,3,2,2020-03-27,23:49:02,14.0,0.0
Kerala,137,126,11,0,2020-03-27,23:49:02,19.0,0.0
Ladakh,13,10,3,0,2020-03-27,23:49:02,0.0,6.0
Madhya Pradesh,20,19,0,1,2020-03-27,23:49:02,5.0,0.0
Maharashtra,130,111,15,4,2020-03-27,23:49:02,6.0,0.0
Manipur,1,1,0,0,2020-03-27,23:49:02,0.0,3.0
Mizoram,1,1,0,0,2020-03-27,23:49:02,0.0,2.0
Odisha,2,2,0,0,2020-03-27,23:49:02,0.0,6.0
Puducherry,1,1,0,0,2020-03-27,23:49:02,0.0,6.0
Punjab,33,32,0,1,2020-03-27,23:49:02,0.0,1.0
Rajasthan,41,38,3,0,2020-03-27,23:49:02,3.0,0.0
Tamil Nadu,29,27,1,1,2020-03-27,23:49:02,3.0,0.0
Telengana,45,44,1,0,2020-03-27,23:49:02,4.0,0.0
Uttarakhand,5,5,0,0,2020-03-27,23:49:02,0.0,1.0
Uttar Pradesh,41,30,11,0,2020-03-27,23:49:02,4.0,0.0
West Bengal,10,9,0,1,2020-03-27,23:49:02,1.0,0.0
Andhra Pradesh,14,13,1,0,2020-03-28,23:36:45,2.0,0.0
Andaman and Nicobar Islands,6,6,0,0,2020-03-28,23:36:45,5.0,0.0
Bihar,9,8,0,1,2020-03-28,23:36:45,3.0,0.0
Chandigarh,8,8,0,0,2020-03-28,23:36:45,1.0,0.0
Chhattisgarh,6,6,0,0,2020-03-28,23:36:45,0.0,1.0
Delhi,39,32,6,1,2020-03-28,23:36:45,3.0,0.0
Goa,3,3,0,0,2020-03-28,23:36:45,0.0,2.0
Gujarat,45,42,0,3,2020-03-28,23:36:45,2.0,0.0
Haryana,33,21,12,0,2020-03-28,23:36:45,3.0,0.0
Himachal Pradesh,3,2,0,1,2020-03-28,23:36:45,0.0,5.0
Jammu and Kashmir,20,18,1,1,2020-03-28,23:36:45,7.0,0.0
Karnataka,55,50,3,2,2020-03-28,23:36:45,0.0,1.0
Kerala,176,165,11,0,2020-03-28,23:36:45,39.0,0.0
Ladakh,13,10,3,0,2020-03-28,23:36:45,0.0,7.0
Madhya Pradesh,30,28,0,2,2020-03-28,23:36:45,10.0,0.0
Maharashtra,180,150,25,5,2020-03-28,23:36:45,50.0,0.0
Manipur,1,1,0,0,2020-03-28,23:36:45,0.0,4.0
Mizoram,1,1,0,0,2020-03-28,23:36:45,0.0,3.0
Odisha,3,3,0,0,2020-03-28,23:36:45,1.0,0.0
Puducherry,1,1,0,0,2020-03-28,23:36:45,0.0,7.0
Punjab,38,36,1,1,2020-03-28,23:36:45,5.0,0.0
Rajasthan,54,51,3,0,2020-03-28,23:36:45,13.0,0.0
Tamil Nadu,40,37,2,1,2020-03-28,23:36:45,11.0,0.0
Telengana,56,55,1,0,2020-03-28,23:36:45,11.0,0.0
Uttarakhand,5,5,0,0,2020-03-28,23:36:45,0.0,2.0
Uttar Pradesh,55,44,11,0,2020-03-28,23:36:45,14.0,0.0
West Bengal,15,14,0,1,2020-03-28,23:36:45,5.0,0.0
Andaman and Nicobar Islands,9,9,0,0,2020-03-29,23:45:09,3.0,0.0
Andhra Pradesh,19,18,1,0,2020-03-29,23:45:09,5.0,0.0
Bihar,11,10,0,1,2020-03-29,23:45:09,2.0,0.0
Chandigarh,8,8,0,0,2020-03-29,23:45:09,0.0,1.0
Chhattisgarh,7,7,0,0,2020-03-29,23:45:09,1.0,0.0
Delhi,49,41,6,2,2020-03-29,23:45:09,10.0,0.0
Goa,5,5,0,0,2020-03-29,23:45:09,2.0,0.0
Gujarat,58,52,1,5,2020-03-29,23:45:09,13.0,0.0
Haryana,33,16,17,0,2020-03-29,23:45:09,0.0,1.0
Himachal Pradesh,3,2,0,1,2020-03-29,23:45:09,0.0,6.0
Jammu and Kashmir,31,28,1,2,2020-03-29,23:45:09,11.0,0.0
Karnataka,76,68,5,3,2020-03-29,23:45:09,21.0,0.0
Kerala,182,166,15,1,2020-03-29,23:45:09,6.0,0.0
Ladakh,13,10,3,0,2020-03-29,23:45:09,0.0,8.0
Madhya Pradesh,30,28,0,2,2020-03-29,23:45:09,0.0,1.0
Maharashtra,186,155,25,6,2020-03-29,23:45:09,6.0,0.0
Manipur,1,1,0,0,2020-03-29,23:45:09,0.0,5.0
Mizoram,1,1,0,0,2020-03-29,23:45:09,0.0,4.0
Odisha,3,3,0,0,2020-03-29,23:45:09,0.0,1.0
Puducherry,1,1,0,0,2020-03-29,23:45:09,0.0,8.0
Punjab,38,36,1,1,2020-03-29,23:45:09,0.0,1.0
Rajasthan,55,52,3,0,2020-03-29,23:45:09,1.0,0.0
Tamil Nadu,49,44,4,1,2020-03-29,23:45:09,9.0,0.0
Telengana,66,64,1,1,2020-03-29,23:45:09,10.0,0.0
Uttarakhand,7,5,2,0,2020-03-29,23:45:09,2.0,0.0
Uttar Pradesh,65,54,11,0,2020-03-29,23:45:09,10.0,0.0
West Bengal,18,17,0,1,2020-03-29,23:45:09,3.0,0.0
Andhra Pradesh,19,18,1,0,2020-03-30,20:08:37,0.0,1.0
Andaman and Nicobar Islands,9,9,0,0,2020-03-30,20:08:37,0.0,1.0
Bihar,11,10,0,1,2020-03-30,20:08:37,0.0,1.0
Chandigarh,8,8,0,0,2020-03-30,20:08:37,0.0,2.0
Chhattisgarh,7,7,0,0,2020-03-30,20:08:37,0.0,1.0
Delhi,53,45,6,2,2020-03-30,20:08:37,4.0,0.0
Goa,5,5,0,0,2020-03-30,20:08:37,0.0,1.0
Gujarat,58,52,1,5,2020-03-30,20:08:37,0.0,1.0
Haryana,33,16,17,0,2020-03-30,20:08:37,0.0,2.0
Himachal Pradesh,3,2,0,1,2020-03-30,20:08:37,0.0,7.0
Jammu and Kashmir,31,28,1,2,2020-03-30,20:08:37,0.0,1.0
Karnataka,80,72,5,3,2020-03-30,20:08:37,4.0,0.0
Kerala,194,174,19,1,2020-03-30,20:08:37,12.0,0.0
Ladakh,13,10,3,0,2020-03-30,20:08:37,0.0,9.0
Madhya Pradesh,33,31,0,2,2020-03-30,20:08:37,3.0,0.0
Maharashtra,193,160,25,8,2020-03-30,20:08:37,7.0,0.0
Manipur,1,1,0,0,2020-03-30,20:08:37,0.0,6.0
Mizoram,1,1,0,0,2020-03-30,20:08:37,0.0,5.0
Odisha,3,3,0,0,2020-03-30,20:08:37,0.0,2.0
Puducherry,1,1,0,0,2020-03-30,20:08:37,0.0,9.0
Punjab,38,36,1,1,2020-03-30,20:08:37,0.0,2.0
Rajasthan,57,54,3,0,2020-03-30,20:08:37,2.0,0.0
Tamil Nadu,50,45,4,1,2020-03-30,20:08:37,1.0,0.0
Telengana,69,67,1,1,2020-03-30,20:08:37,3.0,0.0
Uttarakhand,7,5,2,0,2020-03-30,20:08:37,0.0,1.0
Uttar Pradesh,75,64,11,0,2020-03-30,20:08:37,10.0,0.0
West Bengal,19,18,0,1,2020-03-30,20:08:37,1.0,0.0
Andhra Pradesh,40,39,1,0,2020-03-31,23:48:55,21.0,0.0
Andaman and Nicobar Islands,10,10,0,0,2020-03-31,23:48:55,1.0,0.0
Bihar,15,14,0,1,2020-03-31,23:48:55,4.0,0.0
Chandigarh,13,13,0,0,2020-03-31,23:48:55,5.0,0.0
Chhattisgarh,8,8,0,0,2020-03-31,23:48:55,1.0,0.0
Delhi,97,89,6,2,2020-03-31,23:48:55,44.0,0.0
Goa,5,5,0,0,2020-03-31,23:48:55,0.0,2.0
Gujarat,73,64,3,6,2020-03-31,23:48:55,15.0,0.0
Haryana,40,19,21,0,2020-03-31,23:48:55,7.0,0.0
Himachal Pradesh,3,2,0,1,2020-03-31,23:48:55,0.0,8.0
Jammu and Kashmir,54,50,2,2,2020-03-31,23:48:55,23.0,0.0
Karnataka,83,75,5,3,2020-03-31,23:48:55,3.0,0.0
Kerala,234,214,19,1,2020-03-31,23:48:55,40.0,0.0
Ladakh,13,10,3,0,2020-03-31,23:48:55,0.0,10.0
Madhya Pradesh,47,44,0,3,2020-03-31,23:48:55,14.0,0.0
Maharashtra,216,168,39,9,2020-03-31,23:48:55,23.0,0.0
Manipur,1,1,0,0,2020-03-31,23:48:55,0.0,7.0
Mizoram,1,1,0,0,2020-03-31,23:48:55,0.0,6.0
Odisha,3,3,0,0,2020-03-31,23:48:55,0.0,3.0
Puducherry,1,1,0,0,2020-03-31,23:48:55,0.0,10.0
Punjab,41,37,1,3,2020-03-31,23:48:55,3.0,0.0
Rajasthan,74,71,3,0,2020-03-31,23:48:55,17.0,0.0
Tamil Nadu,74,69,4,1,2020-03-31,23:48:55,24.0,0.0
Telengana,79,77,1,1,2020-03-31,23:48:55,10.0,0.0
Uttarakhand,7,5,2,0,2020-03-31,23:48:55,0.0,2.0
Uttar Pradesh,101,87,14,0,2020-03-31,23:48:55,26.0,0.0
West Bengal,26,24,0,2,2020-03-31,23:48:55,7.0,0.0
Andhra Pradesh,83,82,1,0,2020-04-01,22:39:19,43.0,0.0
Andaman and Nicobar Islands,10,10,0,0,2020-04-01,22:39:19,0.0,1.0
Bihar,23,22,0,1,2020-04-01,22:39:19,8.0,0.0
Chandigarh,13,13,0,0,2020-04-01,22:39:19,0.0,1.0
Chhattisgarh,9,9,0,0,2020-04-01,22:39:19,1.0,0.0
Delhi,120,112,6,2,2020-04-01,22:39:19,23.0,0.0
Goa,5,5,0,0,2020-04-01,22:39:19,0.0,3.0
Gujarat,74,63,5,6,2020-04-01,22:39:19,1.0,0.0
Haryana,43,22,21,0,2020-04-01,22:39:19,3.0,0.0
Himachal Pradesh,3,2,0,1,2020-04-01,22:39:19,0.0,9.0
Jammu and Kashmir,55,51,2,2,2020-04-01,22:39:19,1.0,0.0
Karnataka,101,90,8,3,2020-04-01,22:39:19,18.0,0.0
Kerala,241,216,23,2,2020-04-01,22:39:19,7.0,0.0
Ladakh,13,10,3,0,2020-04-01,22:39:19,0.0,11.0
Madhya Pradesh,47,44,0,3,2020-04-01,22:39:19,0.0,1.0
Maharashtra,302,254,39,9,2020-04-01,22:39:19,86.0,0.0
Manipur,1,1,0,0,2020-04-01,22:39:19,0.0,8.0
Mizoram,1,1,0,0,2020-04-01,22:39:19,0.0,7.0
Odisha,4,4,0,0,2020-04-01,22:39:19,1.0,0.0
Puducherry,1,1,0,0,2020-04-01,22:39:19,0.0,11.0
Punjab,41,37,1,3,2020-04-01,22:39:19,0.0,1.0
Rajasthan,93,90,3,0,2020-04-01,22:39:19,19.0,0.0
Tamil Nadu,124,119,4,1,2020-04-01,22:39:19,50.0,0.0
Telengana,94,90,1,3,2020-04-01,22:39:19,15.0,0.0
Uttarakhand,7,5,2,0,2020-04-01,22:39:19,0.0,3.0
Uttar Pradesh,103,89,14,0,2020-04-01,22:39:19,2.0,0.0
West Bengal,26,24,0,2,2020-04-01,22:39:19,0.0,1.0
Andhra Pradesh,86,84,1,1,2020-04-02,22:08:26,3.0,0.0
Andaman and Nicobar Islands,10,10,0,0,2020-04-02,22:08:26,0.0,2.0
Assam,5,5,0,0,2020-04-02,22:08:26,4.0,0.0
Bihar,24,23,0,1,2020-04-02,22:08:26,1.0,0.0
Chandigarh,16,16,0,0,2020-04-02,22:08:26,3.0,0.0
Chhattisgarh,9,7,2,0,2020-04-02,22:08:26,0.0,1.0
Delhi,219,207,8,4,2020-04-02,22:08:26,99.0,0.0
Goa,5,5,0,0,2020-04-02,22:08:26,0.0,4.0
Gujarat,87,72,8,7,2020-04-02,22:08:26,13.0,0.0
Haryana,43,22,21,0,2020-04-02,22:08:26,0.0,1.0
Himachal Pradesh,3,1,1,1,2020-04-02,22:08:26,0.0,10.0
Jammu and Kashmir,62,58,2,2,2020-04-02,22:08:26,7.0,0.0
Jharkhand,1,1,0,0,2020-04-02,22:08:26,0.0,0.0
Karnataka,110,98,9,3,2020-04-02,22:08:26,9.0,0.0
Kerala,265,238,25,2,2020-04-02,22:08:26,24.0,0.0
Ladakh,13,10,3,0,2020-04-02,22:08:26,0.0,12.0
Madhya Pradesh,99,93,0,6,2020-04-02,22:08:26,52.0,0.0
Maharashtra,335,280,42,13,2020-04-02,22:08:26,33.0,0.0
Manipur,1,1,0,0,2020-04-02,22:08:26,0.0,9.0
Mizoram,1,1,0,0,2020-04-02,22:08:26,0.0,8.0
Odisha,4,4,0,0,2020-04-02,22:08:26,0.0,1.0
Puducherry,3,2,1,0,2020-04-02,22:08:26,2.0,0.0
Punjab,46,41,1,4,2020-04-02,22:08:26,5.0,0.0
Rajasthan,108,105,3,0,2020-04-02,22:08:26,15.0,0.0
Tamil Nadu,234,227,6,1,2020-04-02,22:08:26,110.0,0.0
Telengana,107,103,1,3,2020-04-02,22:08:26,13.0,0.0
Uttarakhand,7,5,2,0,2020-04-02,22:08:26,0.0,4.0
Uttar Pradesh,113,97,14,2,2020-04-02,22:08:26,10.0,0.0
West Bengal,53,44,6,3,2020-04-02,22:08:26,27.0,0.0
Andhra Pradesh,132,130,1,1,2020-04-03,23:59:21,46.0,0.0
Andaman and Nicobar Islands,10,10,0,0,2020-04-03,23:59:21,0.0,3.0
Arunachal Pradesh,1,1,0,0,2020-04-03,23:59:21,0.0,0.0
Assam,16,16,0,0,2020-04-03,23:59:21,11.0,0.0
Bihar,29,28,0,1,2020-04-03,23:59:21,5.0,0.0
Chandigarh,18,18,0,0,2020-04-03,23:59:21,2.0,0.0
Chhattisgarh,9,6,3,0,2020-04-03,23:59:21,0.0,2.0
Delhi,219,207,8,4,2020-04-03,23:59:21,0.0,1.0
Goa,6,6,0,0,2020-04-03,23:59:21,1.0,0.0
Gujarat,95,77,10,8,2020-04-03,23:59:21,8.0,0.0
Haryana,49,25,24,0,2020-04-03,23:59:21,6.0,0.0
Himachal Pradesh,6,4,1,1,2020-04-03,23:59:21,3.0,0.0
Jammu and Kashmir,75,70,3,2,2020-04-03,23:59:21,13.0,0.0
Jharkhand,2,2,0,0,2020-04-03,23:59:21,1.0,0.0
Karnataka,124,111,10,3,2020-04-03,23:59:21,14.0,0.0
Kerala,286,257,27,2,2020-04-03,23:59:21,21.0,0.0
Ladakh,14,11,3,0,2020-04-03,23:59:21,1.0,0.0
Madhya Pradesh,104,98,0,6,2020-04-03,23:59:21,5.0,0.0
Maharashtra,335,277,42,16,2020-04-03,23:59:21,0.0,1.0
Manipur,2,2,0,0,2020-04-03,23:59:21,1.0,0.0
Mizoram,1,1,0,0,2020-04-03,23:59:21,0.0,9.0
Odisha,5,5,0,0,2020-04-03,23:59:21,1.0,0.0
Puducherry,5,4,1,0,2020-04-03,23:59:21,2.0,0.0
Punjab,48,42,1,5,2020-04-03,23:59:21,2.0,0.0
Rajasthan,167,164,3,0,2020-04-03,23:59:21,59.0,0.0
Tamil Nadu,309,302,6,1,2020-04-03,23:59:21,75.0,0.0
Telengana,158,150,1,7,2020-04-03,23:59:21,51.0,0.0
Uttarakhand,10,8,2,0,2020-04-03,23:59:21,3.0,0.0
Uttar Pradesh,172,156,14,2,2020-04-03,23:59:21,59.0,0.0
West Bengal,63,57,3,3,2020-04-03,23:59:21,10.0,0.0
Andhra Pradesh,161,159,1,1,2020-04-04,16:57:48,29.0,0.0
Andaman and Nicobar Islands,10,10,0,0,2020-04-04,16:57:48,0.0,4.0
Arunachal Pradesh,1,1,0,0,2020-04-04,16:57:48,0.0,1.0
Assam,24,24,0,0,2020-04-04,16:57:48,8.0,0.0
Bihar,29,28,0,1,2020-04-04,16:57:48,0.0,1.0
Chandigarh,18,18,0,0,2020-04-04,16:57:48,0.0,1.0
Chhattisgarh,9,6,3,0,2020-04-04,16:57:48,0.0,3.0
Delhi,386,372,8,6,2020-04-04,16:57:48,167.0,0.0
Goa,6,6,0,0,2020-04-04,16:57:48,0.0,1.0
Gujarat,95,76,10,9,2020-04-04,16:57:48,0.0,1.0
Haryana,49,25,24,0,2020-04-04,16:57:48,0.0,1.0
Himachal Pradesh,6,4,1,1,2020-04-04,16:57:48,0.0,1.0
Jammu and Kashmir,75,70,3,2,2020-04-04,16:57:48,0.0,1.0
Jharkhand,2,2,0,0,2020-04-04,16:57:48,0.0,1.0
Karnataka,128,113,12,3,2020-04-04,16:57:48,4.0,0.0
Kerala,295,252,41,2,2020-04-04,16:57:48,9.0,0.0
Ladakh,14,11,3,0,2020-04-04,16:57:48,0.0,1.0
Madhya Pradesh,104,98,0,6,2020-04-04,16:57:48,0.0,1.0
Maharashtra,423,362,42,19,2020-04-04,16:57:48,88.0,0.0
Manipur,2,2,0,0,2020-04-04,16:57:48,0.0,1.0
Mizoram,1,1,0,0,2020-04-04,16:57:48,0.0,10.0
Odisha,5,5,0,0,2020-04-04,16:57:48,0.0,1.0
Puducherry,5,4,1,0,2020-04-04,16:57:48,0.0,1.0
Punjab,53,47,1,5,2020-04-04,16:57:48,5.0,0.0
Rajasthan,179,176,3,0,2020-04-04,16:57:48,12.0,0.0
Tamil Nadu,411,404,6,1,2020-04-04,16:57:48,102.0,0.0
Telengana,158,150,1,7,2020-04-04,16:57:48,0.0,1.0
Uttarakhand,16,14,2,0,2020-04-04,16:57:48,6.0,0.0
Uttar Pradesh,174,153,19,2,2020-04-04,16:57:48,2.0,0.0
West Bengal,63,57,3,3,2020-04-04,16:57:48,0.0,1.0
Andhra Pradesh,190,188,1,1,2020-04-05,19:54:21,29.0,0.0
Andaman and Nicobar Islands,10,10,0,0,2020-04-05,19:54:21,0.0,5.0
Arunachal Pradesh,1,1,0,0,2020-04-05,19:54:21,0.0,2.0
Assam,26,26,0,0,2020-04-05,19:54:21,2.0,0.0
Bihar,30,29,0,1,2020-04-05,19:54:21,1.0,0.0
Chandigarh,18,18,0,0,2020-04-05,19:54:21,0.0,2.0
Chhattisgarh,9,6,3,0,2020-04-05,19:54:21,0.0,4.0
Delhi,503,478,18,7,2020-04-05,19:54:21,117.0,0.0
Goa,7,7,0,0,2020-04-05,19:54:21,1.0,0.0
Gujarat,122,93,18,11,2020-04-05,19:54:21,27.0,0.0
Haryana,59,33,25,1,2020-04-05,19:54:21,10.0,0.0
Himachal Pradesh,6,4,1,1,2020-04-05,19:54:21,0.0,2.0
Jammu and Kashmir,106,100,4,2,2020-04-05,19:54:21,31.0,0.0
Jharkhand,3,3,0,0,2020-04-05,19:54:21,1.0,0.0
Karnataka,144,128,12,4,2020-04-05,19:54:21,16.0,0.0
Kerala,306,255,49,2,2020-04-05,19:54:21,11.0,0.0
Ladakh,14,4,10,0,2020-04-05,19:54:21,0.0,2.0
Madhya Pradesh,165,156,0,9,2020-04-05,19:54:21,61.0,0.0
Maharashtra,490,424,42,24,2020-04-05,19:54:21,67.0,0.0
Manipur,2,2,0,0,2020-04-05,19:54:21,0.0,2.0
Mizoram,1,1,0,0,2020-04-05,19:54:21,0.0,11.0
Odisha,20,20,0,0,2020-04-05,19:54:21,15.0,0.0
Puducherry,5,4,1,0,2020-04-05,19:54:21,0.0,2.0
Punjab,57,51,1,5,2020-04-05,19:54:21,4.0,0.0
Rajasthan,200,179,21,0,2020-04-05,19:54:21,21.0,0.0
Tamil Nadu,485,476,6,3,2020-04-05,19:54:21,74.0,0.0
Telengana,269,230,32,7,2020-04-05,19:54:21,111.0,0.0
Uttarakhand,22,20,2,0,2020-04-05,19:54:21,6.0,0.0
Uttar Pradesh,227,206,19,2,2020-04-05,19:54:21,53.0,0.0
West Bengal,80,67,10,3,2020-04-05,19:54:21,17.0,0.0
Andhra Pradesh,226,222,1,3,2020-04-06,23:44:26,36.0,0.0
Andaman and Nicobar Islands,10,10,0,0,2020-04-06,23:44:26,0.0,6.0
Arunachal Pradesh,1,1,0,0,2020-04-06,23:44:26,0.0,3.0
Assam,26,26,0,0,2020-04-06,23:44:26,0.0,1.0
Bihar,32,31,0,1,2020-04-06,23:44:26,2.0,0.0
Chandigarh,18,18,0,0,2020-04-06,23:44:26,0.0,3.0
Chhattisgarh,10,2,8,0,2020-04-06,23:44:26,1.0,0.0
Delhi,523,497,19,7,2020-04-06,23:44:26,20.0,0.0
Goa,7,7,0,0,2020-04-06,23:44:26,0.0,1.0
Gujarat,144,110,22,12,2020-04-06,23:44:26,22.0,0.0
Haryana,84,58,25,1,2020-04-06,23:44:26,25.0,0.0
Himachal Pradesh,13,10,2,1,2020-04-06,23:44:26,7.0,0.0
Jammu and Kashmir,109,103,4,2,2020-04-06,23:44:26,3.0,0.0
Jharkhand,4,4,0,0,2020-04-06,23:44:26,1.0,0.0
Karnataka,151,135,12,4,2020-04-06,23:44:26,7.0,0.0
Kerala,314,257,55,2,2020-04-06,23:44:26,8.0,0.0
Ladakh,14,4,10,0,2020-04-06,23:44:26,0.0,3.0
Madhya Pradesh,165,156,0,9,2020-04-06,23:44:26,0.0,1.0
Maharashtra,748,647,56,45,2020-04-06,23:44:26,258.0,0.0
Manipur,2,2,0,0,2020-04-06,23:44:26,0.0,3.0
Mizoram,1,1,0,0,2020-04-06,23:44:26,0.0,12.0
Odisha,21,19,2,0,2020-04-06,23:44:26,1.0,0.0
Puducherry,5,4,1,0,2020-04-06,23:44:26,0.0,3.0
Punjab,76,66,4,6,2020-04-06,23:44:26,19.0,0.0
Rajasthan,274,253,21,0,2020-04-06,23:44:26,74.0,0.0
Tamil Nadu,571,558,8,5,2020-04-06,23:44:26,86.0,0.0
Telengana,321,280,34,7,2020-04-06,23:44:26,52.0,0.0
Uttarakhand,26,22,4,0,2020-04-06,23:44:26,4.0,0.0
Uttar Pradesh,305,281,21,3,2020-04-06,23:44:26,78.0,0.0
West Bengal,80,67,10,3,2020-04-06,23:44:26,0.0,1.0
Andhra Pradesh,266,262,1,3,2020-04-07,23:53:19,40.0,0.0
Andaman and Nicobar Islands,10,10,0,0,2020-04-07,23:53:19,0.0,7.0
Arunachal Pradesh,1,1,0,0,2020-04-07,23:53:19,0.0,4.0
Assam,26,26,0,0,2020-04-07,23:53:19,0.0,2.0
Bihar,32,31,0,1,2020-04-07,23:53:19,0.0,1.0
Chandigarh,18,11,7,0,2020-04-07,23:53:19,0.0,4.0
Chhattisgarh,10,1,9,0,2020-04-07,23:53:19,0.0,1.0
Delhi,576,548,21,7,2020-04-07,23:53:19,53.0,0.0
Goa,7,7,0,0,2020-04-07,23:53:19,0.0,2.0
Gujarat,165,127,25,13,2020-04-07,23:53:19,21.0,0.0
Haryana,90,64,25,1,2020-04-07,23:53:19,6.0,0.0
Himachal Pradesh,13,10,2,1,2020-04-07,23:53:19,0.0,1.0
Jammu and Kashmir,116,110,4,2,2020-04-07,23:53:19,7.0,0.0
Jharkhand,4,4,0,0,2020-04-07,23:53:19,0.0,1.0
Karnataka,175,146,25,4,2020-04-07,23:53:19,24.0,0.0
Kerala,327,267,58,2,2020-04-07,23:53:19,13.0,0.0
Ladakh,14,4,10,0,2020-04-07,23:53:19,0.0,4.0
Madhya Pradesh,229,216,0,13,2020-04-07,23:53:19,64.0,0.0
Maharashtra,868,764,56,48,2020-04-07,23:53:19,120.0,0.0
Manipur,2,2,0,0,2020-04-07,23:53:19,0.0,4.0
Mizoram,1,1,0,0,2020-04-07,23:53:19,0.0,13.0
Odisha,42,39,2,1,2020-04-07,23:53:19,21.0,0.0
Puducherry,5,4,1,0,2020-04-07,23:53:19,0.0,4.0
Punjab,91,80,4,7,2020-04-07,23:53:19,15.0,0.0
Rajasthan,288,264,21,3,2020-04-07,23:53:19,14.0,0.0
Tamil Nadu,621,608,8,5,2020-04-07,23:53:19,50.0,0.0
Telengana,364,322,35,7,2020-04-07,23:53:19,43.0,0.0
Tripura,1,1,0,0,2020-04-07,23:53:19,0.0,0.0
Uttarakhand,31,26,5,0,2020-04-07,23:53:19,5.0,0.0
Uttar Pradesh,305,281,21,3,2020-04-07,23:53:19,0.0,1.0
West Bengal,91,75,13,3,2020-04-07,23:53:19,11.0,0.0
Andhra Pradesh,305,296,5,4,2020-04-08,23:59:32,39.0,0.0
Andaman and Nicobar Islands,10,10,0,0,2020-04-08,23:59:32,0.0,8.0
Arunachal Pradesh,1,1,0,0,2020-04-08,23:59:32,0.0,5.0
Assam,27,27,0,0,2020-04-08,23:59:32,1.0,0.0
Bihar,38,37,0,1,2020-04-08,23:59:32,6.0,0.0
Chandigarh,18,11,7,0,2020-04-08,23:59:32,0.0,5.0
Chhattisgarh,10,1,9,0,2020-04-08,23:59:32,0.0,2.0
Delhi,576,546,21,9,2020-04-08,23:59:32,0.0,1.0
Goa,7,7,0,0,2020-04-08,23:59:32,0.0,3.0
Gujarat,165,127,25,13,2020-04-08,23:59:32,0.0,1.0
Haryana,147,116,28,3,2020-04-08,23:59:32,57.0,0.0
Himachal Pradesh,18,15,2,1,2020-04-08,23:59:32,5.0,0.0
Jammu and Kashmir,116,110,4,2,2020-04-08,23:59:32,0.0,1.0
Jharkhand,4,4,0,0,2020-04-08,23:59:32,0.0,2.0
Karnataka,175,146,25,4,2020-04-08,23:59:32,0.0,1.0
Kerala,336,264,70,2,2020-04-08,23:59:32,9.0,0.0
Ladakh,14,4,10,0,2020-04-08,23:59:32,0.0,5.0
Madhya Pradesh,229,216,0,13,2020-04-08,23:59:32,0.0,1.0
Maharashtra,1018,875,79,64,2020-04-08,23:59:32,150.0,0.0
Manipur,2,2,0,0,2020-04-08,23:59:32,0.0,5.0
Mizoram,1,1,0,0,2020-04-08,23:59:32,0.0,14.0
Odisha,42,39,2,1,2020-04-08,23:59:32,0.0,1.0
Puducherry,5,4,1,0,2020-04-08,23:59:32,0.0,5.0
Punjab,91,80,4,7,2020-04-08,23:59:32,0.0,1.0
Rajasthan,328,304,21,3,2020-04-08,23:59:32,40.0,0.0
Tamil Nadu,690,664,19,7,2020-04-08,23:59:32,69.0,0.0
Telengana,427,385,35,7,2020-04-08,23:59:32,63.0,0.0
Tripura,1,1,0,0,2020-04-08,23:59:32,0.0,1.0
Uttarakhand,31,26,5,0,2020-04-08,23:59:32,0.0,1.0
Uttar Pradesh,343,314,26,3,2020-04-08,23:59:32,38.0,0.0
West Bengal,99,81,13,5,2020-04-08,23:59:32,8.0,0.0
Andhra Pradesh,348,338,6,4,2020-04-09,23:48:52,43.0,0.0
Andaman and Nicobar Islands,11,11,0,0,2020-04-09,23:48:52,1.0,0.0
Arunachal Pradesh,1,1,0,0,2020-04-09,23:48:52,0.0,6.0
Assam,28,28,0,0,2020-04-09,23:48:52,1.0,0.0
Bihar,39,38,0,1,2020-04-09,23:48:52,1.0,0.0
Chandigarh,18,11,7,0,2020-04-09,23:48:52,0.0,6.0
Chhattisgarh,10,1,9,0,2020-04-09,23:48:52,0.0,3.0
Delhi,669,639,21,9,2020-04-09,23:48:52,93.0,0.0
Goa,7,7,0,0,2020-04-09,23:48:52,0.0,4.0
Gujarat,179,138,25,16,2020-04-09,23:48:52,14.0,0.0
Haryana,169,137,29,3,2020-04-09,23:48:52,22.0,0.0
Himachal Pradesh,18,15,2,1,2020-04-09,23:48:52,0.0,1.0
Jammu and Kashmir,158,150,4,4,2020-04-09,23:48:52,42.0,0.0
Jharkhand,13,13,0,0,2020-04-09,23:48:52,9.0,0.0
Karnataka,181,148,28,5,2020-04-09,23:48:52,6.0,0.0
Kerala,345,260,83,2,2020-04-09,23:48:52,9.0,0.0
Ladakh,14,4,10,0,2020-04-09,23:48:52,0.0,6.0
Madhya Pradesh,259,243,0,16,2020-04-09,23:48:52,30.0,0.0
Maharashtra,1135,946,117,72,2020-04-09,23:48:52,117.0,0.0
Manipur,2,1,1,0,2020-04-09,23:48:52,0.0,0.0
Mizoram,1,1,0,0,2020-04-09,23:48:52,0.0,15.0
Odisha,42,39,2,1,2020-04-09,23:48:52,0.0,2.0
Puducherry,5,4,1,0,2020-04-09,23:48:52,0.0,6.0
Punjab,101,89,4,8,2020-04-09,23:48:52,10.0,0.0
Rajasthan,383,359,21,3,2020-04-09,23:48:52,55.0,0.0
Tamil Nadu,738,709,21,8,2020-04-09,23:48:52,48.0,0.0
Telengana,442,400,35,7,2020-04-09,23:48:52,15.0,0.0
Tripura,1,1,0,0,2020-04-09,23:48:52,0.0,2.0
Uttarakhand,35,30,5,0,2020-04-09,23:48:52,4.0,0.0
Uttar Pradesh,410,375,31,4,2020-04-09,23:48:52,67.0,0.0
West Bengal,103,82,16,5,2020-04-09,23:48:52,4.0,0.0
Andhra Pradesh,363,350,7,6,2020-04-10,23:52:09,15.0,0.0
Andaman and Nicobar Islands,11,11,0,0,2020-04-10,23:52:09,0.0,1.0
Arunachal Pradesh,1,1,0,0,2020-04-10,23:52:09,0.0,7.0
Assam,29,29,0,0,2020-04-10,23:52:09,1.0,0.0
Bihar,60,59,0,1,2020-04-10,23:52:09,21.0,0.0
Chandigarh,18,11,7,0,2020-04-10,23:52:09,0.0,7.0
Chhattisgarh,10,1,9,0,2020-04-10,23:52:09,0.0,4.0
Delhi,898,860,25,13,2020-04-10,23:52:09,229.0,0.0
Goa,7,6,1,0,2020-04-10,23:52:09,0.0,5.0
Gujarat,241,198,26,17,2020-04-10,23:52:09,62.0,0.0
Haryana,169,137,29,3,2020-04-10,23:52:09,0.0,1.0
Himachal Pradesh,28,21,6,1,2020-04-10,23:52:09,10.0,0.0
Jammu and Kashmir,184,174,6,4,2020-04-10,23:52:09,26.0,0.0
Jharkhand,13,12,0,1,2020-04-10,23:52:09,0.0,1.0
Karnataka,197,161,30,6,2020-04-10,23:52:09,16.0,0.0
Kerala,357,259,96,2,2020-04-10,23:52:09,12.0,0.0
Ladakh,15,5,10,0,2020-04-10,23:52:09,1.0,0.0
Madhya Pradesh,259,243,0,16,2020-04-10,23:52:09,0.0,1.0
Maharashtra,1364,1142,125,97,2020-04-10,23:52:09,229.0,0.0
Manipur,2,1,1,0,2020-04-10,23:52:09,0.0,1.0
Mizoram,1,1,0,0,2020-04-10,23:52:09,0.0,16.0
Odisha,44,41,2,1,2020-04-10,23:52:09,2.0,0.0
Puducherry,5,4,1,0,2020-04-10,23:52:09,0.0,7.0
Punjab,132,116,5,11,2020-04-10,23:52:09,31.0,0.0
Rajasthan,463,439,21,3,2020-04-10,23:52:09,80.0,0.0
Tamil Nadu,834,805,21,8,2020-04-10,23:52:09,96.0,0.0
Telengana,473,431,35,7,2020-04-10,23:52:09,31.0,0.0
Tripura,1,1,0,0,2020-04-10,23:52:09,0.0,3.0
Uttarakhand,35,30,5,0,2020-04-10,23:52:09,0.0,1.0
Uttar Pradesh,431,395,32,4,2020-04-10,23:52:09,21.0,0.0
West Bengal,116,95,16,5,2020-04-10,23:52:09,13.0,0.0
Andhra Pradesh,381,364,11,6,2020-04-11,23:59:18,18.0,0.0
Andaman and Nicobar Islands,11,11,0,0,2020-04-11,23:59:18,0.0,2.0
Arunachal Pradesh,1,1,0,0,2020-04-11,23:59:18,0.0,8.0
Assam,29,28,0,1,2020-04-11,23:59:18,0.0,1.0
Bihar,60,59,0,1,2020-04-11,23:59:18,0.0,1.0
Chandigarh,18,11,7,0,2020-04-11,23:59:18,0.0,8.0
Chhattisgarh,18,9,9,0,2020-04-11,23:59:18,8.0,0.0
Delhi,903,864,25,14,2020-04-11,23:59:18,5.0,0.0
Goa,7,6,1,0,2020-04-11,23:59:18,0.0,6.0
Gujarat,308,258,31,19,2020-04-11,23:59:18,67.0,0.0
Haryana,177,145,29,3,2020-04-11,23:59:18,8.0,0.0
Himachal Pradesh,28,21,6,1,2020-04-11,23:59:18,0.0,1.0
Jammu and Kashmir,207,197,6,4,2020-04-11,23:59:18,23.0,0.0
Jharkhand,17,16,0,1,2020-04-11,23:59:18,4.0,0.0
Karnataka,214,171,37,6,2020-04-11,23:59:18,17.0,0.0
Kerala,364,239,123,2,2020-04-11,23:59:18,7.0,0.0
Ladakh,15,5,10,0,2020-04-11,23:59:18,0.0,1.0
Madhya Pradesh,443,410,0,33,2020-04-11,23:59:18,184.0,0.0
Maharashtra,1574,1276,188,110,2020-04-11,23:59:18,210.0,0.0
Manipur,2,1,1,0,2020-04-11,23:59:18,0.0,2.0
Mizoram,1,1,0,0,2020-04-11,23:59:18,0.0,17.0
Odisha,48,45,2,1,2020-04-11,23:59:18,4.0,0.0
Puducherry,7,6,1,0,2020-04-11,23:59:18,2.0,0.0
Punjab,132,116,5,11,2020-04-11,23:59:18,0.0,1.0
Rajasthan,553,529,21,3,2020-04-11,23:59:18,90.0,0.0
Tamil Nadu,911,859,44,8,2020-04-11,23:59:18,77.0,0.0
Telengana,504,452,43,9,2020-04-11,23:59:18,31.0,0.0
Tripura,2,2,0,0,2020-04-11,23:59:18,1.0,0.0
Uttarakhand,35,30,5,0,2020-04-11,23:59:18,0.0,2.0
Uttar Pradesh,433,397,32,4,2020-04-11,23:59:18,2.0,0.0
West Bengal,126,105,16,5,2020-04-11,23:59:18,10.0,0.0
Andhra Pradesh,381,364,11,6,2020-04-12,23:53:45,0.0,1.0
Andaman and Nicobar Islands,11,1,10,0,2020-04-12,23:53:45,0.0,3.0
Arunachal Pradesh,1,1,0,0,2020-04-12,23:53:45,0.0,9.0
Assam,29,28,0,1,2020-04-12,23:53:45,0.0,2.0
Bihar,64,44,19,1,2020-04-12,23:53:45,4.0,0.0
Chandigarh,19,12,7,0,2020-04-12,23:53:45,1.0,0.0
Chhattisgarh,25,15,10,0,2020-04-12,23:53:45,7.0,0.0
Delhi,1069,1025,25,19,2020-04-12,23:53:45,166.0,0.0
Goa,7,2,5,0,2020-04-12,23:53:45,0.0,7.0
Gujarat,432,366,44,22,2020-04-12,23:53:45,124.0,0.0
Haryana,185,153,29,3,2020-04-12,23:53:45,8.0,0.0
Himachal Pradesh,32,25,6,1,2020-04-12,23:53:45,4.0,0.0
Jammu and Kashmir,224,214,6,4,2020-04-12,23:53:45,17.0,0.0
Jharkhand,17,16,0,1,2020-04-12,23:53:45,0.0,1.0
Karnataka,226,183,37,6,2020-04-12,23:53:45,12.0,0.0
Kerala,374,230,142,2,2020-04-12,23:53:45,10.0,0.0
Ladakh,15,5,10,0,2020-04-12,23:53:45,0.0,2.0
Madhya Pradesh,564,528,0,36,2020-04-12,23:53:45,121.0,0.0
Maharashtra,1761,1426,208,127,2020-04-12,23:53:45,187.0,0.0
Manipur,2,1,1,0,2020-04-12,23:53:45,0.0,3.0
Mizoram,1,1,0,0,2020-04-12,23:53:45,0.0,18.0
Odisha,54,41,12,1,2020-04-12,23:53:45,6.0,0.0
Puducherry,7,6,1,0,2020-04-12,23:53:45,0.0,1.0
Punjab,151,135,5,11,2020-04-12,23:53:45,19.0,0.0
Rajasthan,700,676,21,3,2020-04-12,23:53:45,147.0,0.0
Tamil Nadu,969,915,44,10,2020-04-12,23:53:45,58.0,0.0
Telengana,504,452,43,9,2020-04-12,23:53:45,0.0,1.0
Tripura,2,2,0,0,2020-04-12,23:53:45,0.0,1.0
Uttarakhand,35,30,5,0,2020-04-12,23:53:45,0.0,3.0
Uttar Pradesh,452,402,45,5,2020-04-12,23:53:45,19.0,0.0
West Bengal,134,110,19,5,2020-04-12,23:53:45,8.0,0.0
Andhra Pradesh,432,414,11,7,2020-04-13,23:53:07,51.0,0.0
Andaman and Nicobar Islands,11,1,10,0,2020-04-13,23:53:07,0.0,4.0
Arunachal Pradesh,1,1,0,0,2020-04-13,23:53:07,0.0,10.0
Assam,31,30,0,1,2020-04-13,23:53:07,2.0,0.0
Bihar,64,37,26,1,2020-04-13,23:53:07,0.0,1.0
Chandigarh,21,14,7,0,2020-04-13,23:53:07,2.0,0.0
Chhattisgarh,31,21,10,0,2020-04-13,23:53:07,6.0,0.0
Delhi,1154,1103,27,24,2020-04-13,23:53:07,85.0,0.0
Goa,7,2,5,0,2020-04-13,23:53:07,0.0,8.0
Gujarat,539,466,47,26,2020-04-13,23:53:07,107.0,0.0
Haryana,185,153,29,3,2020-04-13,23:53:07,0.0,1.0
Himachal Pradesh,32,18,13,1,2020-04-13,23:53:07,0.0,1.0
Jammu and Kashmir,245,235,6,4,2020-04-13,23:53:07,21.0,0.0
Jharkhand,19,17,0,2,2020-04-13,23:53:07,2.0,0.0
Karnataka,247,182,59,6,2020-04-13,23:53:07,21.0,0.0
Kerala,376,194,179,3,2020-04-13,23:53:07,2.0,0.0
Ladakh,15,5,10,0,2020-04-13,23:53:07,0.0,3.0
Madhya Pradesh,604,517,44,43,2020-04-13,23:53:07,40.0,0.0
Maharashtra,1985,1619,217,149,2020-04-13,23:53:07,224.0,0.0
Manipur,2,1,1,0,2020-04-13,23:53:07,0.0,4.0
Mizoram,1,1,0,0,2020-04-13,23:53:07,0.0,19.0
Nagaland,1,1,0,0,2020-04-13,23:53:07,0.0,0.0
Odisha,54,41,12,1,2020-04-13,23:53:07,0.0,1.0
Puducherry,7,6,1,0,2020-04-13,23:53:07,0.0,2.0
Punjab,167,142,14,11,2020-04-13,23:53:07,16.0,0.0
Rajasthan,812,788,21,3,2020-04-13,23:53:07,112.0,0.0
Tamil Nadu,1075,1014,50,11,2020-04-13,23:53:07,106.0,0.0
Telengana,562,446,100,16,2020-04-13,23:53:07,58.0,0.0
Tripura,2,2,0,0,2020-04-13,23:53:07,0.0,2.0
Uttarakhand,35,30,5,0,2020-04-13,23:53:07,0.0,4.0
Uttar Pradesh,483,431,47,5,2020-04-13,23:53:07,31.0,0.0
West Bengal,152,116,29,7,2020-04-13,23:53:07,18.0,0.0
Andhra Pradesh,473,450,14,9,2020-04-14,23:51:29,41.0,0.0
Andaman and Nicobar Islands,11,1,10,0,2020-04-14,23:51:29,0.0,5.0
Arunachal Pradesh,1,1,0,0,2020-04-14,23:51:29,0.0,11.0
Assam,31,30,0,1,2020-04-14,23:51:29,0.0,1.0
Bihar,66,39,26,1,2020-04-14,23:51:29,2.0,0.0
Chandigarh,21,14,7,0,2020-04-14,23:51:29,0.0,1.0
Chhattisgarh,31,21,10,0,2020-04-14,23:51:29,0.0,1.0
Delhi,1510,1452,30,28,2020-04-14,23:51:29,356.0,0.0
Goa,7,2,5,0,2020-04-14,23:51:29,0.0,9.0
Gujarat,617,536,55,26,2020-04-14,23:51:29,78.0,0.0
Haryana,199,162,34,3,2020-04-14,23:51:29,14.0,0.0
Himachal Pradesh,32,18,13,1,2020-04-14,23:51:29,0.0,2.0
Jammu and Kashmir,270,250,16,4,2020-04-14,23:51:29,25.0,0.0
Jharkhand,24,22,0,2,2020-04-14,23:51:29,5.0,0.0
Karnataka,258,184,65,9,2020-04-14,23:51:29,11.0,0.0
Kerala,379,178,198,3,2020-04-14,23:51:29,3.0,0.0
Ladakh,15,5,10,0,2020-04-14,23:51:29,0.0,4.0
Madhya Pradesh,730,629,51,50,2020-04-14,23:51:29,126.0,0.0
Maharashtra,2337,1948,229,160,2020-04-14,23:51:29,352.0,0.0
Manipur,2,1,1,0,2020-04-14,23:51:29,0.0,5.0
Meghalaya,1,1,0,0,2020-04-14,23:51:29,0.0,0.0
Mizoram,1,1,0,0,2020-04-14,23:51:29,0.0,20.0
Nagaland,1,1,0,0,2020-04-14,23:51:29,0.0,1.0
Odisha,55,36,18,1,2020-04-14,23:51:29,1.0,0.0
Puducherry,7,6,1,0,2020-04-14,23:51:29,0.0,3.0
Punjab,176,150,14,12,2020-04-14,23:51:29,9.0,0.0
Rajasthan,879,743,133,3,2020-04-14,23:51:29,67.0,0.0
Tamil Nadu,1173,1104,58,11,2020-04-14,23:51:29,98.0,0.0
Telengana,624,507,100,17,2020-04-14,23:51:29,62.0,0.0
Tripura,2,2,0,0,2020-04-14,23:51:29,0.0,3.0
Uttarakhand,35,28,7,0,2020-04-14,23:51:29,0.0,5.0
Uttar Pradesh,657,603,49,5,2020-04-14,23:51:29,174.0,0.0
West Bengal,190,147,36,7,2020-04-14,23:51:29,38.0,0.0
Andaman and Nicobar Islands,11,1,10,0,2020-04-15,21:07:52,0.0,6.0
Andhra Pradesh,503,478,16,9,2020-04-15,21:07:52,30.0,0.0
Arunachal Pradesh,1,1,0,0,2020-04-15,21:07:52,0.0,12.0
Assam,33,32,0,1,2020-04-15,21:07:52,2.0,0.0
Bihar,70,40,29,1,2020-04-15,21:07:52,4.0,0.0
Chandigarh,21,14,7,0,2020-04-15,21:07:52,0.0,2.0
Chhattisgarh,33,20,13,0,2020-04-15,21:07:52,2.0,0.0
Delhi,1561,1501,30,30,2020-04-15,21:07:52,51.0,0.0
Goa,7,2,5,0,2020-04-15,21:07:52,0.0,10.0
Gujarat,695,606,59,30,2020-04-15,21:07:52,78.0,0.0
Haryana,199,162,34,3,2020-04-15,21:07:52,0.0,1.0
Himachal Pradesh,33,19,13,1,2020-04-15,21:07:52,1.0,0.0
Jammu and Kashmir,278,244,30,4,2020-04-15,21:07:52,8.0,0.0
Jharkhand,27,25,0,2,2020-04-15,21:07:52,3.0,0.0
Karnataka,277,191,75,11,2020-04-15,21:07:52,19.0,0.0
Kerala,387,173,211,3,2020-04-15,21:07:52,8.0,0.0
Ladakh,17,7,10,0,2020-04-15,21:07:52,2.0,0.0
Madhya Pradesh,987,870,64,53,2020-04-15,21:07:52,257.0,0.0
Maharashtra,2687,2250,259,178,2020-04-15,21:07:52,350.0,0.0
Manipur,2,1,1,0,2020-04-15,21:07:52,0.0,6.0
Meghalaya,7,6,0,1,2020-04-15,21:07:52,6.0,0.0
Mizoram,1,1,0,0,2020-04-15,21:07:52,0.0,21.0
Nagaland,0,0,0,0,2020-04-15,21:07:52,0.0,0.0
Odisha,60,41,18,1,2020-04-15,21:07:52,5.0,0.0
Puducherry,7,6,1,0,2020-04-15,21:07:52,0.0,4.0
Punjab,186,159,14,13,2020-04-15,21:07:52,10.0,0.0
Rajasthan,1005,855,147,3,2020-04-15,21:07:52,126.0,0.0
Tamil Nadu,1204,1111,81,12,2020-04-15,21:07:52,31.0,0.0
Telengana,647,509,120,18,2020-04-15,21:07:52,23.0,0.0
Tripura,2,2,0,0,2020-04-15,21:07:52,0.0,4.0
Uttarakhand,37,28,9,0,2020-04-15,21:07:52,2.0,0.0
Uttar Pradesh,735,673,51,11,2020-04-15,21:07:52,78.0,0.0
West Bengal,213,169,37,7,2020-04-15,21:07:52,23.0,0.0
Andaman and Nicobar Islands,11,1,10,0,2020-04-16,23:50:38,0.0,7.0
Andhra Pradesh,534,500,20,14,2020-04-16,23:50:38,31.0,0.0
Arunachal Pradesh,1,1,0,0,2020-04-16,23:50:38,0.0,13.0
Assam,33,27,5,1,2020-04-16,23:50:38,0.0,1.0
Bihar,74,44,29,1,2020-04-16,23:50:38,4.0,0.0
Chandigarh,21,14,7,0,2020-04-16,23:50:38,0.0,3.0
Chhattisgarh,33,16,17,0,2020-04-16,23:50:38,0.0,1.0
Delhi,1578,1504,42,32,2020-04-16,23:50:38,17.0,0.0
Goa,7,2,5,0,2020-04-16,23:50:38,0.0,11.0
Gujarat,871,771,64,36,2020-04-16,23:50:38,176.0,0.0
Haryana,205,159,43,3,2020-04-16,23:50:38,6.0,0.0
Himachal Pradesh,35,18,16,1,2020-04-16,23:50:38,2.0,0.0
Jammu and Kashmir,300,260,36,4,2020-04-16,23:50:38,22.0,0.0
Jharkhand,28,26,0,2,2020-04-16,23:50:38,1.0,0.0
Karnataka,315,220,82,13,2020-04-16,23:50:38,38.0,0.0
Kerala,388,167,218,3,2020-04-16,23:50:38,1.0,0.0
Ladakh,17,7,10,0,2020-04-16,23:50:38,0.0,1.0
Madhya Pradesh,1120,1003,64,53,2020-04-16,23:50:38,133.0,0.0
Maharashtra,2919,2437,295,187,2020-04-16,23:50:38,232.0,0.0
Manipur,2,1,1,0,2020-04-16,23:50:38,0.0,7.0
Meghalaya,7,6,0,1,2020-04-16,23:50:38,0.0,1.0
Mizoram,1,1,0,0,2020-04-16,23:50:38,0.0,22.0
Nagaland,0,0,0,0,2020-04-16,23:50:38,0.0,1.0
Odisha,60,41,18,1,2020-04-16,23:50:38,0.0,1.0
Puducherry,7,6,1,0,2020-04-16,23:50:38,0.0,5.0
Punjab,186,146,27,13,2020-04-16,23:50:38,0.0,1.0
Rajasthan,1023,873,147,3,2020-04-16,23:50:38,18.0,0.0
Tamil Nadu,1242,1110,118,14,2020-04-16,23:50:38,38.0,0.0
Telengana,698,560,120,18,2020-04-16,23:50:38,51.0,0.0
Tripura,2,1,1,0,2020-04-16,23:50:38,0.0,5.0
Uttarakhand,37,28,9,0,2020-04-16,23:50:38,0.0,1.0
Uttar Pradesh,773,692,68,13,2020-04-16,23:50:38,38.0,0.0
West Bengal,231,182,42,7,2020-04-16,23:50:38,18.0,0.0
Andaman and Nicobar Islands,11,1,10,0,2020-04-17,23:51:05,0.0,8.0
Andhra Pradesh,572,522,36,14,2020-04-17,23:51:05,38.0,0.0
Arunachal Pradesh,1,1,0,0,2020-04-17,23:51:05,0.0,14.0
Assam,35,29,5,1,2020-04-17,23:51:05,2.0,0.0
Bihar,83,45,37,1,2020-04-17,23:51:05,9.0,0.0
Chandigarh,21,12,9,0,2020-04-17,23:51:05,0.0,4.0
Chhattisgarh,36,13,23,0,2020-04-17,23:51:05,3.0,0.0
Delhi,1640,1551,51,38,2020-04-17,23:51:05,62.0,0.0
Goa,7,1,6,0,2020-04-17,23:51:05,0.0,12.0
Gujarat,1021,909,74,38,2020-04-17,23:51:05,150.0,0.0
Haryana,205,159,43,3,2020-04-17,23:51:05,0.0,1.0
Himachal Pradesh,35,18,16,1,2020-04-17,23:51:05,0.0,1.0
Jammu and Kashmir,314,272,38,4,2020-04-17,23:51:05,14.0,0.0
Jharkhand,29,27,0,2,2020-04-17,23:51:05,1.0,0.0
Karnataka,353,258,82,13,2020-04-17,23:51:05,38.0,0.0
Kerala,395,147,245,3,2020-04-17,23:51:05,7.0,0.0
Ladakh,18,4,14,0,2020-04-17,23:51:05,1.0,0.0
Madhya Pradesh,1308,1186,65,57,2020-04-17,23:51:05,188.0,0.0
Maharashtra,3205,2711,300,194,2020-04-17,23:51:05,286.0,0.0
Manipur,2,1,1,0,2020-04-17,23:51:05,0.0,8.0
Meghalaya,9,8,0,1,2020-04-17,23:51:05,2.0,0.0
Mizoram,1,1,0,0,2020-04-17,23:51:05,0.0,23.0
Nagaland,0,0,0,0,2020-04-17,23:51:05,0.0,2.0
Odisha,60,40,19,1,2020-04-17,23:51:05,0.0,2.0
Puducherry,7,6,1,0,2020-04-17,23:51:05,0.0,6.0
Punjab,186,146,27,13,2020-04-17,23:51:05,0.0,2.0
Rajasthan,1131,956,164,11,2020-04-17,23:51:05,108.0,0.0
Tamil Nadu,1267,1072,180,15,2020-04-17,23:51:05,25.0,0.0
Telengana,743,539,186,18,2020-04-17,23:51:05,45.0,0.0
Tripura,2,1,1,0,2020-04-17,23:51:05,0.0,6.0
Uttarakhand,37,28,9,0,2020-04-17,23:51:05,0.0,2.0
Uttar Pradesh,846,758,74,14,2020-04-17,23:51:05,73.0,0.0
West Bengal,255,194,51,10,2020-04-17,23:51:05,24.0,0.0
Andaman and Nicobar Islands,12,1,11,0,2020-04-18,23:57:21,1.0,0.0
Andhra Pradesh,603,546,42,15,2020-04-18,23:57:21,31.0,0.0
Arunachal Pradesh,1,1,0,0,2020-04-18,23:57:21,0.0,15.0
Assam,35,25,9,1,2020-04-18,23:57:21,0.0,1.0
Bihar,85,46,37,2,2020-04-18,23:57:21,2.0,0.0
Chandigarh,21,12,9,0,2020-04-18,23:57:21,0.0,5.0
Chhattisgarh,36,12,24,0,2020-04-18,23:57:21,0.0,1.0
Delhi,1707,1593,72,42,2020-04-18,23:57:21,67.0,0.0
Goa,7,1,6,0,2020-04-18,23:57:21,0.0,13.0
Gujarat,1272,1136,88,48,2020-04-18,23:57:21,251.0,0.0
Haryana,225,179,43,3,2020-04-18,23:57:21,20.0,0.0
Himachal Pradesh,38,21,16,1,2020-04-18,23:57:21,3.0,0.0
Jammu and Kashmir,328,281,42,5,2020-04-18,23:57:21,14.0,0.0
Jharkhand,33,31,0,2,2020-04-18,23:57:21,4.0,0.0
Karnataka,371,266,92,13,2020-04-18,23:57:21,18.0,0.0
Kerala,396,138,255,3,2020-04-18,23:57:21,1.0,0.0
Ladakh,18,4,14,0,2020-04-18,23:57:21,0.0,1.0
Madhya Pradesh,1355,1217,69,69,2020-04-18,23:57:21,47.0,0.0
Maharashtra,3323,2791,331,201,2020-04-18,23:57:21,118.0,0.0
Manipur,2,1,1,0,2020-04-18,23:57:21,0.0,9.0
Meghalaya,11,10,0,1,2020-04-18,23:57:21,2.0,0.0
Mizoram,1,1,0,0,2020-04-18,23:57:21,0.0,24.0
Nagaland,0,0,0,0,2020-04-18,23:57:21,0.0,3.0
Odisha,60,38,21,1,2020-04-18,23:57:21,0.0,3.0
Puducherry,7,4,3,0,2020-04-18,23:57:21,0.0,7.0
Punjab,202,162,27,13,2020-04-18,23:57:21,16.0,0.0
Rajasthan,1229,1035,183,11,2020-04-18,23:57:21,98.0,0.0
Tamil Nadu,1323,1025,283,15,2020-04-18,23:57:21,56.0,0.0
Telengana,791,587,186,18,2020-04-18,23:57:21,48.0,0.0
Tripura,2,1,1,0,2020-04-18,23:57:21,0.0,7.0
Uttarakhand,42,33,9,0,2020-04-18,23:57:21,5.0,0.0
Uttar Pradesh,969,869,86,14,2020-04-18,23:57:21,123.0,0.0
West Bengal,287,222,55,10,2020-04-18,23:57:21,32.0,0.0
Andaman and Nicobar Islands,14,3,11,0,2020-04-19,23:55:23,2.0,0.0
Andhra Pradesh,603,546,42,15,2020-04-19,23:55:23,0.0,1.0
Arunachal Pradesh,1,1,0,0,2020-04-19,23:55:23,0.0,16.0
Assam,35,22,12,1,2020-04-19,23:55:23,0.0,2.0
Bihar,86,47,37,2,2020-04-19,23:55:23,1.0,0.0
Chandigarh,23,13,10,0,2020-04-19,23:55:23,2.0,0.0
Chhattisgarh,36,12,24,0,2020-04-19,23:55:23,0.0,2.0
Delhi,1893,1778,72,43,2020-04-19,23:55:23,186.0,0.0
Goa,7,1,6,0,2020-04-19,23:55:23,0.0,14.0
Gujarat,1604,1452,94,58,2020-04-19,23:55:23,332.0,0.0
Haryana,233,143,87,3,2020-04-19,23:55:23,8.0,0.0
Himachal Pradesh,39,22,16,1,2020-04-19,23:55:23,1.0,0.0
Jammu and Kashmir,341,285,51,5,2020-04-19,23:55:23,13.0,0.0
Jharkhand,35,33,0,2,2020-04-19,23:55:23,2.0,0.0
Karnataka,384,266,104,14,2020-04-19,23:55:23,13.0,0.0
Kerala,400,140,257,3,2020-04-19,23:55:23,4.0,0.0
Ladakh,18,4,14,0,2020-04-19,23:55:23,0.0,2.0
Madhya Pradesh,1407,1210,127,70,2020-04-19,23:55:23,52.0,0.0
Maharashtra,3651,3075,365,211,2020-04-19,23:55:23,328.0,0.0
Manipur,2,1,1,0,2020-04-19,23:55:23,0.0,10.0
Meghalaya,11,10,0,1,2020-04-19,23:55:23,0.0,1.0
Mizoram,1,1,0,0,2020-04-19,23:55:23,0.0,25.0
Nagaland,0,0,0,0,2020-04-19,23:55:23,0.0,4.0
Odisha,61,36,24,1,2020-04-19,23:55:23,1.0,0.0
Puducherry,7,4,3,0,2020-04-19,23:55:23,0.0,8.0
Punjab,219,172,31,16,2020-04-19,23:55:23,17.0,0.0
Rajasthan,1351,1157,183,11,2020-04-19,23:55:23,122.0,0.0
Tamil Nadu,1372,992,365,15,2020-04-19,23:55:23,49.0,0.0
Telengana,844,640,186,18,2020-04-19,23:55:23,53.0,0.0
Tripura,2,1,1,0,2020-04-19,23:55:23,0.0,8.0
Uttarakhand,42,33,9,0,2020-04-19,23:55:23,0.0,1.0
Uttar Pradesh,1084,959,108,17,2020-04-19,23:55:23,115.0,0.0
West Bengal,310,236,62,12,2020-04-19,23:55:23,23.0,0.0
Andaman and Nicobar Islands,15,4,11,0,2020-04-20,23:59:15,1.0,0.0
Andhra Pradesh,722,610,92,20,2020-04-20,23:59:15,119.0,0.0
Arunachal Pradesh,1,1,0,0,2020-04-20,23:59:15,0.0,17.0
Assam,35,17,17,1,2020-04-20,23:59:15,0.0,3.0
Bihar,96,52,42,2,2020-04-20,23:59:15,10.0,0.0
Chandigarh,26,13,13,0,2020-04-20,23:59:15,3.0,0.0
Chhattisgarh,36,11,25,0,2020-04-20,23:59:15,0.0,3.0
Delhi,2003,1668,290,45,2020-04-20,23:59:15,110.0,0.0
Goa,7,0,7,0,2020-04-20,23:59:15,0.0,15.0
Gujarat,1851,1678,106,67,2020-04-20,23:59:15,247.0,0.0
Haryana,233,143,87,3,2020-04-20,23:59:15,0.0,1.0
Himachal Pradesh,39,22,16,1,2020-04-20,23:59:15,0.0,1.0
Jammu and Kashmir,350,289,56,5,2020-04-20,23:59:15,9.0,0.0
Jharkhand,42,40,0,2,2020-04-20,23:59:15,7.0,0.0
Karnataka,395,268,111,16,2020-04-20,23:59:15,11.0,0.0
Kerala,402,129,270,3,2020-04-20,23:59:15,2.0,0.0
Ladakh,18,4,14,0,2020-04-20,23:59:15,0.0,3.0
Madhya Pradesh,1485,1284,127,74,2020-04-20,23:59:15,78.0,0.0
Maharashtra,4203,3473,507,223,2020-04-20,23:59:15,552.0,0.0
Manipur,2,0,2,0,2020-04-20,23:59:15,0.0,11.0
Meghalaya,11,10,0,1,2020-04-20,23:59:15,0.0,2.0
Mizoram,1,1,0,0,2020-04-20,23:59:15,0.0,26.0
Nagaland,0,0,0,0,2020-04-20,23:59:15,0.0,5.0
Odisha,68,43,24,1,2020-04-20,23:59:15,7.0,0.0
Puducherry,7,4,3,0,2020-04-20,23:59:15,0.0,9.0
Punjab,219,172,31,16,2020-04-20,23:59:15,0.0,1.0
Rajasthan,1478,1281,183,14,2020-04-20,23:59:15,127.0,0.0
Tamil Nadu,1477,1051,411,15,2020-04-20,23:59:15,105.0,0.0
Telengana,873,662,190,21,2020-04-20,23:59:15,29.0,0.0
Tripura,2,1,1,0,2020-04-20,23:59:15,0.0,9.0
Uttarakhand,44,33,11,0,2020-04-20,23:59:15,2.0,0.0
Uttar Pradesh,1176,1030,129,17,2020-04-20,23:59:15,92.0,0.0
West Bengal,339,261,66,12,2020-04-20,23:59:15,29.0,0.0
Andaman and Nicobar Islands,16,5,11,0,2020-04-21,23:58:50,1.0,0.0
Andhra Pradesh,757,639,96,22,2020-04-21,23:58:50,35.0,0.0
Arunachal Pradesh,1,0,1,0,2020-04-21,23:58:50,0.0,18.0
Assam,35,15,19,1,2020-04-21,23:58:50,0.0,4.0
Bihar,114,70,42,2,2020-04-21,23:58:50,18.0,0.0
Chandigarh,26,13,13,0,2020-04-21,23:58:50,0.0,1.0
Chhattisgarh,36,11,25,0,2020-04-21,23:58:50,0.0,4.0
Delhi,2081,1603,431,47,2020-04-21,23:58:50,78.0,0.0
Goa,7,0,7,0,2020-04-21,23:58:50,0.0,16.0
Gujarat,2066,1858,131,77,2020-04-21,23:58:50,215.0,0.0
Haryana,254,124,127,3,2020-04-21,23:58:50,21.0,0.0
Himachal Pradesh,39,22,16,1,2020-04-21,23:58:50,0.0,2.0
Jammu and Kashmir,368,292,71,5,2020-04-21,23:58:50,18.0,0.0
Jharkhand,46,44,0,2,2020-04-21,23:58:50,4.0,0.0
Karnataka,415,284,114,17,2020-04-21,23:58:50,20.0,0.0
Kerala,408,114,291,3,2020-04-21,23:58:50,6.0,0.0
Ladakh,18,4,14,0,2020-04-21,23:58:50,0.0,4.0
Madhya Pradesh,1540,1337,127,76,2020-04-21,23:58:50,55.0,0.0
Maharashtra,4669,3865,572,232,2020-04-21,23:58:50,466.0,0.0
Manipur,2,0,2,0,2020-04-21,23:58:50,0.0,12.0
Meghalaya,11,10,0,1,2020-04-21,23:58:50,0.0,3.0
Mizoram,1,1,0,0,2020-04-21,23:58:50,0.0,27.0
Nagaland,0,0,0,0,2020-04-21,23:58:50,0.0,6.0
Odisha,74,49,24,1,2020-04-21,23:58:50,6.0,0.0
Puducherry,7,4,3,0,2020-04-21,23:58:50,0.0,10.0
Punjab,245,190,39,16,2020-04-21,23:58:50,26.0,0.0
Rajasthan,1576,1346,205,25,2020-04-21,23:58:50,98.0,0.0
Tamil Nadu,1520,1046,457,17,2020-04-21,23:58:50,43.0,0.0
Telengana,919,706,190,23,2020-04-21,23:58:50,46.0,0.0
Tripura,2,1,1,0,2020-04-21,23:58:50,0.0,10.0
Uttarakhand,46,28,18,0,2020-04-21,23:58:50,2.0,0.0
Uttar Pradesh,1294,1134,140,20,2020-04-21,23:58:50,118.0,0.0
West Bengal,392,307,73,12,2020-04-21,23:58:50,53.0,0.0
Andaman and Nicobar Islands,17,6,11,0,2020-04-22,23:56:01,1.0,0.0
Andhra Pradesh,813,669,120,24,2020-04-22,23:56:01,56.0,0.0
Arunachal Pradesh,1,0,1,0,2020-04-22,23:56:01,0.0,19.0
Assam,35,15,19,1,2020-04-22,23:56:01,0.0,5.0
Bihar,126,78,46,2,2020-04-22,23:56:01,12.0,0.0
Chandigarh,27,13,14,0,2020-04-22,23:56:01,1.0,0.0
Chhattisgarh,36,10,26,0,2020-04-22,23:56:01,0.0,5.0
Delhi,2156,1498,611,47,2020-04-22,23:56:01,75.0,0.0
Goa,7,0,7,0,2020-04-22,23:56:01,0.0,17.0
Gujarat,2272,2033,144,95,2020-04-22,23:56:01,206.0,0.0
Haryana,254,124,127,3,2020-04-22,23:56:01,0.0,1.0
Himachal Pradesh,39,22,16,1,2020-04-22,23:56:01,0.0,3.0
Jammu and Kashmir,380,294,81,5,2020-04-22,23:56:01,12.0,0.0
Jharkhand,45,42,0,3,2020-04-22,23:56:01,-1.0,1.0
Karnataka,425,279,129,17,2020-04-22,23:56:01,10.0,0.0
Kerala,427,101,323,3,2020-04-22,23:56:01,19.0,0.0
Ladakh,18,4,14,0,2020-04-22,23:56:01,0.0,5.0
Madhya Pradesh,1592,1364,148,80,2020-04-22,23:56:01,52.0,0.0
Maharashtra,5221,4248,722,251,2020-04-22,23:56:01,552.0,0.0
Manipur,2,0,2,0,2020-04-22,23:56:01,0.0,13.0
Meghalaya,12,11,0,1,2020-04-22,23:56:01,1.0,0.0
Mizoram,1,1,0,0,2020-04-22,23:56:01,0.0,28.0
Odisha,82,51,30,1,2020-04-22,23:56:01,8.0,0.0
Puducherry,7,4,3,0,2020-04-22,23:56:01,0.0,11.0
Punjab,251,186,49,16,2020-04-22,23:56:01,6.0,0.0
Rajasthan,1801,1546,230,25,2020-04-22,23:56:01,225.0,0.0
Tamil Nadu,1596,943,635,18,2020-04-22,23:56:01,76.0,0.0
Telengana,945,728,194,23,2020-04-22,23:56:01,26.0,0.0
Tripura,2,1,1,0,2020-04-22,23:56:01,0.0,11.0
Uttarakhand,46,27,19,0,2020-04-22,23:56:01,0.0,1.0
Uttar Pradesh,1412,1226,165,21,2020-04-22,23:56:01,118.0,0.0
West Bengal,423,335,73,15,2020-04-22,23:56:01,31.0,0.0
Andaman and Nicobar Islands,18,7,11,0,2020-04-23,23:55:17,1.0,0.0
Andhra Pradesh,895,727,141,27,2020-04-23,23:55:17,82.0,0.0
Arunachal Pradesh,1,0,1,0,2020-04-23,23:55:17,0.0,20.0
Assam,35,15,19,1,2020-04-23,23:55:17,0.0,6.0
Bihar,148,100,46,2,2020-04-23,23:55:17,22.0,0.0
Chandigarh,27,13,14,0,2020-04-23,23:55:17,0.0,1.0
Chhattisgarh,36,8,28,0,2020-04-23,23:55:17,0.0,6.0
Delhi,2248,1476,724,48,2020-04-23,23:55:17,92.0,0.0
Goa,7,0,7,0,2020-04-23,23:55:17,0.0,18.0
Gujarat,2407,2125,179,103,2020-04-23,23:55:17,135.0,0.0
Haryana,262,119,140,3,2020-04-23,23:55:17,8.0,0.0
Himachal Pradesh,40,21,18,1,2020-04-23,23:55:17,1.0,0.0
Jammu and Kashmir,407,310,92,5,2020-04-23,23:55:17,27.0,0.0
Jharkhand,49,38,8,3,2020-04-23,23:55:17,4.0,0.0
Karnataka,443,285,141,17,2020-04-23,23:55:17,18.0,0.0
Kerala,438,111,324,3,2020-04-23,23:55:17,11.0,0.0
Ladakh,18,4,14,0,2020-04-23,23:55:17,0.0,6.0
Madhya Pradesh,1695,1466,148,81,2020-04-23,23:55:17,103.0,0.0
Maharashtra,5652,4594,789,269,2020-04-23,23:55:17,431.0,0.0
Manipur,2,0,2,0,2020-04-23,23:55:17,0.0,14.0
Meghalaya,12,11,0,1,2020-04-23,23:55:17,0.0,1.0
Mizoram,1,1,0,0,2020-04-23,23:55:17,0.0,29.0
Odisha,83,50,32,1,2020-04-23,23:55:17,1.0,0.0
Puducherry,7,4,3,0,2020-04-23,23:55:17,0.0,12.0
Punjab,277,196,65,16,2020-04-23,23:55:17,26.0,0.0
Rajasthan,1890,1633,230,27,2020-04-23,23:55:17,89.0,0.0
Tamil Nadu,1629,949,662,18,2020-04-23,23:55:17,33.0,0.0
Telengana,960,739,197,24,2020-04-23,23:55:17,15.0,0.0
Tripura,2,1,1,0,2020-04-23,23:55:17,0.0,12.0
Uttarakhand,46,23,23,0,2020-04-23,23:55:17,0.0,2.0
Uttar Pradesh,1509,1301,187,21,2020-04-23,23:55:17,97.0,0.0
West Bengal,456,362,79,15,2020-04-23,23:55:17,33.0,0.0
Andaman and Nicobar Islands,22,11,11,0,2020-04-24,23:59:27,4.0,0.0
Andhra Pradesh,955,781,145,29,2020-04-24,23:59:27,60.0,0.0
Arunachal Pradesh,1,0,1,0,2020-04-24,23:59:27,0.0,21.0
Assam,36,16,19,1,2020-04-24,23:59:27,1.0,0.0
Bihar,176,128,46,2,2020-04-24,23:59:27,28.0,0.0
Chandigarh,27,13,14,0,2020-04-24,23:59:27,0.0,2.0
Chhattisgarh,36,8,28,0,2020-04-24,23:59:27,0.0,7.0
Delhi,2376,1518,808,50,2020-04-24,23:59:27,128.0,0.0
Goa,7,0,7,0,2020-04-24,23:59:27,0.0,19.0
Gujarat,2624,2254,258,112,2020-04-24,23:59:27,217.0,0.0
Haryana,272,113,156,3,2020-04-24,23:59:27,10.0,0.0
Himachal Pradesh,40,21,18,1,2020-04-24,23:59:27,0.0,1.0
Jammu and Kashmir,427,330,92,5,2020-04-24,23:59:27,20.0,0.0
Jharkhand,55,44,8,3,2020-04-24,23:59:27,6.0,0.0
Karnataka,463,295,150,18,2020-04-24,23:59:27,20.0,0.0
Kerala,448,121,324,3,2020-04-24,23:59:27,10.0,0.0
Ladakh,18,4,14,0,2020-04-24,23:59:27,0.0,7.0
Madhya Pradesh,1852,1566,203,83,2020-04-24,23:59:27,157.0,0.0
Maharashtra,6430,5307,840,283,2020-04-24,23:59:27,778.0,0.0
Manipur,2,0,2,0,2020-04-24,23:59:27,0.0,15.0
Meghalaya,12,11,0,1,2020-04-24,23:59:27,0.0,2.0
Mizoram,1,1,0,0,2020-04-24,23:59:27,0.0,30.0
Odisha,90,56,33,1,2020-04-24,23:59:27,7.0,0.0
Puducherry,7,4,3,0,2020-04-24,23:59:27,0.0,13.0
Punjab,277,196,65,16,2020-04-24,23:59:27,0.0,1.0
Rajasthan,1964,1707,230,27,2020-04-24,23:59:27,74.0,0.0
Tamil Nadu,1683,911,752,20,2020-04-24,23:59:27,54.0,0.0
Telengana,984,705,253,26,2020-04-24,23:59:27,24.0,0.0
Tripura,2,1,1,0,2020-04-24,23:59:27,0.0,13.0
Uttarakhand,47,23,24,0,2020-04-24,23:59:27,1.0,0.0
Uttar Pradesh,1604,1374,206,24,2020-04-24,23:59:27,95.0,0.0
West Bengal,514,396,103,15,2020-04-24,23:59:27,58.0,0.0
Andaman and Nicobar Islands,27,16,11,0,2020-04-25,23:55:53,5.0,0.0
Andhra Pradesh,1061,859,171,31,2020-04-25,23:55:53,106.0,0.0
Arunachal Pradesh,1,0,1,0,2020-04-25,23:55:53,0.0,22.0
Assam,36,16,19,1,2020-04-25,23:55:53,0.0,1.0
Bihar,228,180,46,2,2020-04-25,23:55:53,52.0,0.0
Chandigarh,28,13,15,0,2020-04-25,23:55:53,1.0,0.0
Chhattisgarh,36,6,30,0,2020-04-25,23:55:53,0.0,8.0
Delhi,2514,1604,857,53,2020-04-25,23:55:53,138.0,0.0
Goa,7,0,7,0,2020-04-25,23:55:53,0.0,20.0
Gujarat,2815,2423,265,127,2020-04-25,23:55:53,191.0,0.0
Haryana,272,113,156,3,2020-04-25,23:55:53,0.0,1.0
Himachal Pradesh,40,21,18,1,2020-04-25,23:55:53,0.0,2.0
Jammu and Kashmir,454,340,109,5,2020-04-25,23:55:53,27.0,0.0
Jharkhand,59,47,9,3,2020-04-25,23:55:53,4.0,0.0
Karnataka,489,318,153,18,2020-04-25,23:55:53,26.0,0.0
Kerala,451,116,331,4,2020-04-25,23:55:53,3.0,0.0
Ladakh,20,6,14,0,2020-04-25,23:55:53,2.0,0.0
Madhya Pradesh,1952,1650,210,92,2020-04-25,23:55:53,100.0,0.0
Maharashtra,6817,5559,957,301,2020-04-25,23:55:53,387.0,0.0
Manipur,2,0,2,0,2020-04-25,23:55:53,0.0,16.0
Meghalaya,12,11,0,1,2020-04-25,23:55:53,0.0,3.0
Mizoram,1,1,0,0,2020-04-25,23:55:53,0.0,31.0
Odisha,94,60,33,1,2020-04-25,23:55:53,4.0,0.0
Puducherry,7,4,3,0,2020-04-25,23:55:53,0.0,14.0
Punjab,298,214,67,17,2020-04-25,23:55:53,21.0,0.0
Rajasthan,2034,1777,230,27,2020-04-25,23:55:53,70.0,0.0
Tamil Nadu,1755,867,866,22,2020-04-25,23:55:53,72.0,0.0
Telengana,984,705,253,26,2020-04-25,23:55:53,0.0,1.0
Tripura,2,1,1,0,2020-04-25,23:55:53,0.0,14.0
Uttarakhand,48,23,25,0,2020-04-25,23:55:53,1.0,0.0
Uttar Pradesh,1778,1504,248,26,2020-04-25,23:55:53,174.0,0.0
West Bengal,571,450,103,18,2020-04-25,23:55:53,57.0,0.0
Andaman and Nicobar Islands,33,22,11,0,2020-04-26,23:58:43,6.0,0.0
Andhra Pradesh,1097,835,231,31,2020-04-26,23:58:43,36.0,0.0
Arunachal Pradesh,1,0,1,0,2020-04-26,23:58:43,0.0,23.0
Assam,36,16,19,1,2020-04-26,23:58:43,0.0,2.0
Bihar,251,203,46,2,2020-04-26,23:58:43,23.0,0.0
Chandigarh,30,13,17,0,2020-04-26,23:58:43,2.0,0.0
Chhattisgarh,37,5,32,0,2020-04-26,23:58:43,1.0,0.0
Delhi,2625,1702,869,54,2020-04-26,23:58:43,111.0,0.0
Goa,7,0,7,0,2020-04-26,23:58:43,0.0,21.0
Gujarat,3071,2656,282,133,2020-04-26,23:58:43,256.0,0.0
Haryana,289,110,176,3,2020-04-26,23:58:43,17.0,0.0
Himachal Pradesh,40,17,22,1,2020-04-26,23:58:43,0.0,3.0
Jammu and Kashmir,494,376,112,6,2020-04-26,23:58:43,40.0,0.0
Jharkhand,67,51,13,3,2020-04-26,23:58:43,8.0,0.0
Karnataka,501,306,177,18,2020-04-26,23:58:43,12.0,0.0
Kerala,458,116,338,4,2020-04-26,23:58:43,7.0,0.0
Ladakh,20,6,14,0,2020-04-26,23:58:43,0.0,1.0
Madhya Pradesh,2096,1787,210,99,2020-04-26,23:58:43,144.0,0.0
Maharashtra,7628,6229,1076,323,2020-04-26,23:58:43,811.0,0.0
Manipur,2,0,2,0,2020-04-26,23:58:43,0.0,17.0
Meghalaya,12,11,0,1,2020-04-26,23:58:43,0.0,4.0
Mizoram,1,1,0,0,2020-04-26,23:58:43,0.0,32.0
Odisha,103,68,34,1,2020-04-26,23:58:43,9.0,0.0
Puducherry,7,4,3,0,2020-04-26,23:58:43,0.0,15.0
Punjab,298,214,67,17,2020-04-26,23:58:43,0.0,1.0
Rajasthan,2083,1557,493,33,2020-04-26,23:58:43,49.0,0.0
Tamil Nadu,1821,838,960,23,2020-04-26,23:58:43,66.0,0.0
Telengana,991,685,280,26,2020-04-26,23:58:43,7.0,0.0
Tripura,2,0,2,0,2020-04-26,23:58:43,0.0,15.0
Uttarakhand,50,24,26,0,2020-04-26,23:58:43,2.0,0.0
Uttar Pradesh,1843,1525,289,29,2020-04-26,23:58:43,65.0,0.0
West Bengal,611,488,105,18,2020-04-26,23:58:43,40.0,0.0
Andaman and Nicobar Islands,33,22,11,0,2020-04-27,23:52:04,0.0,1.0
Andhra Pradesh,1177,911,235,31,2020-04-27,23:52:04,80.0,0.0
Arunachal Pradesh,1,0,1,0,2020-04-27,23:52:04,0.0,24.0
Assam,36,8,27,1,2020-04-27,23:52:04,0.0,3.0
Bihar,277,219,56,2,2020-04-27,23:52:04,26.0,0.0
Chandigarh,30,13,17,0,2020-04-27,23:52:04,0.0,1.0
Chhattisgarh,37,5,32,0,2020-04-27,23:52:04,0.0,1.0
Delhi,2918,1987,877,54,2020-04-27,23:52:04,293.0,0.0
Goa,7,0,7,0,2020-04-27,23:52:04,0.0,22.0
Gujarat,3301,2837,313,151,2020-04-27,23:52:04,230.0,0.0
Haryana,289,110,176,3,2020-04-27,23:52:04,0.0,1.0
Himachal Pradesh,40,17,22,1,2020-04-27,23:52:04,0.0,4.0
Jammu and Kashmir,523,380,137,6,2020-04-27,23:52:04,29.0,0.0
Jharkhand,82,66,13,3,2020-04-27,23:52:04,15.0,0.0
Karnataka,511,303,188,20,2020-04-27,23:52:04,10.0,0.0
Kerala,469,123,342,4,2020-04-27,23:52:04,11.0,0.0
Ladakh,20,6,14,0,2020-04-27,23:52:04,0.0,2.0
Madhya Pradesh,2168,1760,302,106,2020-04-27,23:52:04,72.0,0.0
Maharashtra,8068,6538,1188,342,2020-04-27,23:52:04,440.0,0.0
Manipur,2,0,2,0,2020-04-27,23:52:04,0.0,18.0
Meghalaya,12,11,0,1,2020-04-27,23:52:04,0.0,5.0
Mizoram,1,1,0,0,2020-04-27,23:52:04,0.0,33.0
Odisha,108,72,35,1,2020-04-27,23:52:04,5.0,0.0
Puducherry,8,5,3,0,2020-04-27,23:52:04,1.0,0.0
Punjab,313,224,71,18,2020-04-27,23:52:04,15.0,0.0
Rajasthan,2185,1626,518,41,2020-04-27,23:52:04,102.0,0.0
Tamil Nadu,1885,841,1020,24,2020-04-27,23:52:04,64.0,0.0
Telengana,1002,696,280,26,2020-04-27,23:52:04,11.0,0.0
Tripura,2,0,2,0,2020-04-27,23:52:04,0.0,16.0
Uttarakhand,51,18,33,0,2020-04-27,23:52:04,1.0,0.0
Uttar Pradesh,1955,1589,335,31,2020-04-27,23:52:04,112.0,0.0
West Bengal,649,524,105,20,2020-04-27,23:52:04,38.0,0.0
Andaman and Nicobar Islands,33,22,11,0,2020-04-28,23:50:48,0.0,2.0
Andhra Pradesh,1259,970,258,31,2020-04-28,23:50:48,82.0,0.0
Arunachal Pradesh,1,0,1,0,2020-04-28,23:50:48,0.0,25.0
Assam,38,10,27,1,2020-04-28,23:50:48,2.0,0.0
Bihar,346,287,57,2,2020-04-28,23:50:48,69.0,0.0
Chandigarh,40,23,17,0,2020-04-28,23:50:48,10.0,0.0
Chhattisgarh,37,5,32,0,2020-04-28,23:50:48,0.0,2.0
Delhi,3108,2177,877,54,2020-04-28,23:50:48,190.0,0.0
Goa,7,0,7,0,2020-04-28,23:50:48,0.0,23.0
Gujarat,3548,2992,394,162,2020-04-28,23:50:48,247.0,0.0
Haryana,296,110,183,3,2020-04-28,23:50:48,7.0,0.0
Himachal Pradesh,40,17,22,1,2020-04-28,23:50:48,0.0,5.0
Jammu and Kashmir,546,375,164,7,2020-04-28,23:50:48,23.0,0.0
Jharkhand,103,83,17,3,2020-04-28,23:50:48,21.0,0.0
Karnataka,520,302,198,20,2020-04-28,23:50:48,9.0,0.0
Kerala,482,123,355,4,2020-04-28,23:50:48,13.0,0.0
Ladakh,22,6,16,0,2020-04-28,23:50:48,2.0,0.0
Madhya Pradesh,2368,1894,361,113,2020-04-28,23:50:48,200.0,0.0
Maharashtra,8590,6939,1282,369,2020-04-28,23:50:48,522.0,0.0
Manipur,2,0,2,0,2020-04-28,23:50:48,0.0,19.0
Meghalaya,12,11,0,1,2020-04-28,23:50:48,0.0,6.0
Mizoram,1,1,0,0,2020-04-28,23:50:48,0.0,34.0
Odisha,118,80,37,1,2020-04-28,23:50:48,10.0,0.0
Puducherry,8,5,3,0,2020-04-28,23:50:48,0.0,1.0
Punjab,313,224,71,18,2020-04-28,23:50:48,0.0,1.0
Rajasthan,2262,1547,669,46,2020-04-28,23:50:48,77.0,0.0
Tamil Nadu,1937,812,1101,24,2020-04-28,23:50:48,52.0,0.0
Telengana,1004,657,321,26,2020-04-28,23:50:48,2.0,0.0
Tripura,2,0,2,0,2020-04-28,23:50:48,0.0,17.0
Uttarakhand,51,18,33,0,2020-04-28,23:50:48,0.0,1.0
Uttar Pradesh,2043,1612,400,31,2020-04-28,23:50:48,88.0,0.0
West Bengal,697,568,109,20,2020-04-28,23:50:48,48.0,0.0
Andaman and Nicobar Islands,33,18,15,0,2020-04-29,17:22:38,0.0,3.0
Andhra Pradesh,1259,970,258,31,2020-04-29,17:22:38,0.0,1.0
Arunachal Pradesh,1,0,1,0,2020-04-29,17:22:38,0.0,26.0
Assam,38,10,27,1,2020-04-29,17:22:38,0.0,1.0
Bihar,366,300,64,2,2020-04-29,17:22:38,20.0,0.0
Chandigarh,56,39,17,0,2020-04-29,17:22:38,16.0,0.0
Chhattisgarh,38,4,34,0,2020-04-29,17:22:38,1.0,0.0
Delhi,3314,2182,1078,54,2020-04-29,17:22:38,206.0,0.0
Goa,7,0,7,0,2020-04-29,17:22:38,0.0,24.0
Gujarat,3744,3129,434,181,2020-04-29,17:22:38,196.0,0.0
Haryana,310,98,209,3,2020-04-29,17:22:38,14.0,0.0
Himachal Pradesh,40,14,25,1,2020-04-29,17:22:38,0.0,6.0
Jammu and Kashmir,565,381,176,8,2020-04-29,17:22:38,19.0,0.0
Jharkhand,103,83,17,3,2020-04-29,17:22:38,0.0,1.0
Karnataka,523,296,207,20,2020-04-29,17:22:38,3.0,0.0
Kerala,485,122,359,4,2020-04-29,17:22:38,3.0,0.0
Ladakh,22,6,16,0,2020-04-29,17:22:38,0.0,1.0
Madhya Pradesh,2387,1890,377,120,2020-04-29,17:22:38,19.0,0.0
Maharashtra,9318,7530,1388,400,2020-04-29,17:22:38,728.0,0.0
Manipur,2,0,2,0,2020-04-29,17:22:38,0.0,20.0
Meghalaya,12,11,0,1,2020-04-29,17:22:38,0.0,7.0
Mizoram,1,1,0,0,2020-04-29,17:22:38,0.0,35.0
Odisha,118,79,38,1,2020-04-29,17:22:38,0.0,1.0
Puducherry,8,5,3,0,2020-04-29,17:22:38,0.0,2.0
Punjab,322,232,71,19,2020-04-29,17:22:38,9.0,0.0
Rajasthan,2364,1545,768,51,2020-04-29,17:22:38,102.0,0.0
Tamil Nadu,2058,865,1168,25,2020-04-29,17:22:38,121.0,0.0
Telengana,1004,657,321,26,2020-04-29,17:22:38,0.0,1.0
Tripura,2,0,2,0,2020-04-29,17:22:38,0.0,18.0
Uttarakhand,54,21,33,0,2020-04-29,17:22:38,3.0,0.0
Uttar Pradesh,2053,1557,462,34,2020-04-29,17:22:38,10.0,0.0
West Bengal,725,584,119,22,2020-04-29,17:22:38,28.0,0.0
Andaman and Nicobar Islands,33,18,15,0,2020-04-30,23:50:32,0.0,4.0
Andhra Pradesh,1403,1051,321,31,2020-04-30,23:50:32,144.0,0.0
Arunachal Pradesh,1,0,1,0,2020-04-30,23:50:32,0.0,27.0
Assam,42,12,29,1,2020-04-30,23:50:32,4.0,0.0
Bihar,403,336,65,2,2020-04-30,23:50:32,37.0,0.0
Chandigarh,56,39,17,0,2020-04-30,23:50:32,0.0,1.0
Chhattisgarh,38,2,36,0,2020-04-30,23:50:32,0.0,1.0
Delhi,3439,2291,1092,56,2020-04-30,23:50:32,125.0,0.0
Goa,7,0,7,0,2020-04-30,23:50:32,0.0,25.0
Gujarat,4082,3358,527,197,2020-04-30,23:50:32,338.0,0.0
Haryana,310,98,209,3,2020-04-30,23:50:32,0.0,1.0
Himachal Pradesh,40,14,25,1,2020-04-30,23:50:32,0.0,7.0
Jammu and Kashmir,581,381,192,8,2020-04-30,23:50:32,16.0,0.0
Jharkhand,107,85,19,3,2020-04-30,23:50:32,4.0,0.0
Karnataka,557,313,223,21,2020-04-30,23:50:32,34.0,0.0
Kerala,496,123,369,4,2020-04-30,23:50:32,11.0,0.0
Ladakh,22,6,16,0,2020-04-30,23:50:32,0.0,2.0
Madhya Pradesh,2660,2069,461,130,2020-04-30,23:50:32,273.0,0.0
Maharashtra,9915,7890,1593,432,2020-04-30,23:50:32,597.0,0.0
Manipur,2,0,2,0,2020-04-30,23:50:32,0.0,21.0
Meghalaya,12,11,0,1,2020-04-30,23:50:32,0.0,8.0
Mizoram,1,1,0,0,2020-04-30,23:50:32,0.0,36.0
Odisha,128,88,39,1,2020-04-30,23:50:32,10.0,0.0
Puducherry,8,3,5,0,2020-04-30,23:50:32,0.0,3.0
Punjab,357,248,90,19,2020-04-30,23:50:32,35.0,0.0
Rajasthan,2438,1619,768,51,2020-04-30,23:50:32,74.0,0.0
Tamil Nadu,2162,925,1210,27,2020-04-30,23:50:32,104.0,0.0
Telengana,1012,619,367,26,2020-04-30,23:50:32,8.0,0.0
Tripura,2,0,2,0,2020-04-30,23:50:32,0.0,19.0
Uttarakhand,55,19,36,0,2020-04-30,23:50:32,1.0,0.0
Uttar Pradesh,2203,1651,513,39,2020-04-30,23:50:32,150.0,0.0
West Bengal,758,612,124,22,2020-04-30,23:50:32,33.0,0.0
Andaman and Nicobar Islands,33,17,16,0,2020-05-01,23:52:00,0.0,5.0
Andhra Pradesh,1463,1027,403,33,2020-05-01,23:52:00,60.0,0.0
Arunachal Pradesh,1,0,1,0,2020-05-01,23:52:00,0.0,28.0
Assam,42,12,29,1,2020-05-01,23:52:00,0.0,1.0
Bihar,426,342,82,2,2020-05-01,23:52:00,23.0,0.0
Chandigarh,56,39,17,0,2020-05-01,23:52:00,0.0,2.0
Chhattisgarh,40,4,36,0,2020-05-01,23:52:00,2.0,0.0
Delhi,3515,2362,1094,59,2020-05-01,23:52:00,76.0,0.0
Goa,7,0,7,0,2020-05-01,23:52:00,0.0,26.0
Gujarat,4395,3568,613,214,2020-05-01,23:52:00,313.0,0.0
Haryana,313,101,209,3,2020-05-01,23:52:00,3.0,0.0
Himachal Pradesh,40,11,28,1,2020-05-01,23:52:00,0.0,8.0
Jammu and Kashmir,614,390,216,8,2020-05-01,23:52:00,33.0,0.0
Jharkhand,111,88,20,3,2020-05-01,23:52:00,4.0,0.0
Karnataka,576,319,235,22,2020-05-01,23:52:00,19.0,0.0
Kerala,497,110,383,4,2020-05-01,23:52:00,1.0,0.0
Ladakh,22,6,16,0,2020-05-01,23:52:00,0.0,3.0
Madhya Pradesh,2719,2100,482,137,2020-05-01,23:52:00,59.0,0.0
Maharashtra,10498,8266,1773,459,2020-05-01,23:52:00,583.0,0.0
Manipur,2,0,2,0,2020-05-01,23:52:00,0.0,22.0
Meghalaya,12,11,0,1,2020-05-01,23:52:00,0.0,9.0
Mizoram,1,1,0,0,2020-05-01,23:52:00,0.0,37.0
Odisha,143,101,41,1,2020-05-01,23:52:00,15.0,0.0
Puducherry,8,3,5,0,2020-05-01,23:52:00,0.0,4.0
Punjab,357,248,90,19,2020-05-01,23:52:00,0.0,1.0
Rajasthan,2584,1690,836,58,2020-05-01,23:52:00,146.0,0.0
Tamil Nadu,2323,1038,1258,27,2020-05-01,23:52:00,161.0,0.0
Telengana,1039,572,441,26,2020-05-01,23:52:00,27.0,0.0
Tripura,2,0,2,0,2020-05-01,23:52:00,0.0,20.0
Uttarakhand,57,21,36,0,2020-05-01,23:52:00,2.0,0.0
Uttar Pradesh,2281,1685,555,41,2020-05-01,23:52:00,78.0,0.0
West Bengal,795,623,139,33,2020-05-01,23:52:00,37.0,0.0
Andaman and Nicobar Islands,33,17,16,0,2020-05-02,23:55:02,0.0,6.0
Andhra Pradesh,1525,1051,441,33,2020-05-02,23:55:02,62.0,0.0
Arunachal Pradesh,1,0,1,0,2020-05-02,23:55:02,0.0,29.0
Assam,43,10,32,1,2020-05-02,23:55:02,1.0,0.0
Bihar,471,370,98,3,2020-05-02,23:55:02,45.0,0.0
Chandigarh,88,71,17,0,2020-05-02,23:55:02,32.0,0.0
Chhattisgarh,43,7,36,0,2020-05-02,23:55:02,3.0,0.0
Delhi,3738,2510,1167,61,2020-05-02,23:55:02,223.0,0.0
Goa,7,0,7,0,2020-05-02,23:55:02,0.0,27.0
Gujarat,4721,3750,735,236,2020-05-02,23:55:02,326.0,0.0
Haryana,360,129,227,4,2020-05-02,23:55:02,47.0,0.0
Himachal Pradesh,40,9,30,1,2020-05-02,23:55:02,0.0,9.0
Jammu and Kashmir,639,384,247,8,2020-05-02,23:55:02,25.0,0.0
Jharkhand,111,88,20,3,2020-05-02,23:55:02,0.0,1.0
Karnataka,598,318,255,25,2020-05-02,23:55:02,22.0,0.0
Kerala,498,102,392,4,2020-05-02,23:55:02,1.0,0.0
Ladakh,22,5,17,0,2020-05-02,23:55:02,0.0,4.0
Madhya Pradesh,2719,2050,524,145,2020-05-02,23:55:02,0.0,1.0
Maharashtra,11506,9142,1879,485,2020-05-02,23:55:02,1008.0,0.0
Manipur,2,0,2,0,2020-05-02,23:55:02,0.0,23.0
Meghalaya,12,11,0,1,2020-05-02,23:55:02,0.0,10.0
Mizoram,1,1,0,0,2020-05-02,23:55:02,0.0,38.0
Odisha,154,98,55,1,2020-05-02,23:55:02,11.0,0.0
Puducherry,8,3,5,0,2020-05-02,23:55:02,0.0,5.0
Punjab,772,640,112,20,2020-05-02,23:55:02,415.0,0.0
Rajasthan,2666,1488,1116,62,2020-05-02,23:55:02,82.0,0.0
Tamil Nadu,2526,1186,1312,28,2020-05-02,23:55:02,203.0,0.0
Telengana,1057,590,441,26,2020-05-02,23:55:02,18.0,0.0
Tripura,2,0,2,0,2020-05-02,23:55:02,0.0,21.0
Uttarakhand,58,21,37,0,2020-05-02,23:55:02,1.0,0.0
Uttar Pradesh,2455,1756,656,43,2020-05-02,23:55:02,174.0,0.0
West Bengal,795,623,139,33,2020-05-02,23:55:02,0.0,1.0
Andaman and Nicobar Islands,33,16,17,0,2020-05-03,23:51:25,0.0,7.0
Andhra Pradesh,1583,1062,488,33,2020-05-03,23:51:25,58.0,0.0
Arunachal Pradesh,1,0,1,0,2020-05-03,23:51:25,0.0,30.0
Assam,43,10,32,1,2020-05-03,23:51:25,0.0,1.0
Bihar,482,361,117,4,2020-05-03,23:51:25,11.0,0.0
Chandigarh,94,75,19,0,2020-05-03,23:51:25,6.0,0.0
Chhattisgarh,43,7,36,0,2020-05-03,23:51:25,0.0,1.0
Delhi,4122,2802,1256,64,2020-05-03,23:51:25,384.0,0.0
Goa,7,0,7,0,2020-05-03,23:51:25,0.0,28.0
Gujarat,5055,3897,896,262,2020-05-03,23:51:25,334.0,0.0
Haryana,394,163,227,4,2020-05-03,23:51:25,34.0,0.0
Himachal Pradesh,40,6,33,1,2020-05-03,23:51:25,0.0,10.0
Jammu and Kashmir,666,404,254,8,2020-05-03,23:51:25,27.0,0.0
Jharkhand,115,90,22,3,2020-05-03,23:51:25,4.0,0.0
Karnataka,606,299,282,25,2020-05-03,23:51:25,8.0,0.0
Kerala,500,96,400,4,2020-05-03,23:51:25,2.0,0.0
Ladakh,40,23,17,0,2020-05-03,23:51:25,18.0,0.0
Madhya Pradesh,2846,1892,798,156,2020-05-03,23:51:25,127.0,0.0
Maharashtra,12296,9775,2000,521,2020-05-03,23:51:25,790.0,0.0
Manipur,2,0,2,0,2020-05-03,23:51:25,0.0,24.0
Meghalaya,12,11,0,1,2020-05-03,23:51:25,0.0,11.0
Mizoram,1,1,0,0,2020-05-03,23:51:25,0.0,39.0
Odisha,160,103,56,1,2020-05-03,23:51:25,6.0,0.0
Puducherry,8,3,5,0,2020-05-03,23:51:25,0.0,6.0
Punjab,772,640,112,20,2020-05-03,23:51:25,0.0,1.0
Rajasthan,2772,1586,1121,65,2020-05-03,23:51:25,106.0,0.0
Tamil Nadu,2757,1387,1341,29,2020-05-03,23:51:25,231.0,0.0
Telengana,1063,577,458,28,2020-05-03,23:51:25,6.0,0.0
Tripura,4,2,2,0,2020-05-03,23:51:25,2.0,0.0
Uttarakhand,59,20,39,0,2020-05-03,23:51:25,1.0,0.0
Uttar Pradesh,2626,1885,698,43,2020-05-03,23:51:25,171.0,0.0
West Bengal,922,738,151,33,2020-05-03,23:51:25,127.0,0.0
Andaman and Nicobar Islands,33,1,32,0,2020-05-04,23:58:27,0.0,8.0
Andhra Pradesh,1650,1090,524,36,2020-05-04,23:58:27,67.0,0.0
Arunachal Pradesh,1,0,1,0,2020-05-04,23:58:27,0.0,31.0
Assam,43,10,32,1,2020-05-04,23:58:27,0.0,2.0
Bihar,517,388,125,4,2020-05-04,23:58:27,35.0,0.0
Chandigarh,94,75,19,0,2020-05-04,23:58:27,0.0,1.0
Chhattisgarh,57,21,36,0,2020-05-04,23:58:27,14.0,0.0
Delhi,4549,3123,1362,64,2020-05-04,23:58:27,427.0,0.0
Goa,7,0,7,0,2020-05-04,23:58:27,0.0,29.0
Gujarat,5428,4096,1042,290,2020-05-04,23:58:27,373.0,0.0
Haryana,442,192,245,5,2020-05-04,23:58:27,48.0,0.0
Himachal Pradesh,40,5,34,1,2020-05-04,23:58:27,0.0,11.0
Jammu and Kashmir,701,406,287,8,2020-05-04,23:58:27,35.0,0.0
Jharkhand,115,90,22,3,2020-05-04,23:58:27,0.0,1.0
Karnataka,642,312,304,26,2020-05-04,23:58:27,36.0,0.0
Kerala,500,95,401,4,2020-05-04,23:58:27,0.0,1.0
Ladakh,41,24,17,0,2020-05-04,23:58:27,1.0,0.0
Madhya Pradesh,2942,1979,798,165,2020-05-04,23:58:27,96.0,0.0
Maharashtra,12974,10311,2115,548,2020-05-04,23:58:27,678.0,0.0
Manipur,2,0,2,0,2020-05-04,23:58:27,0.0,25.0
Meghalaya,12,11,0,1,2020-05-04,23:58:27,0.0,12.0
Mizoram,1,1,0,0,2020-05-04,23:58:27,0.0,40.0
Odisha,163,102,60,1,2020-05-04,23:58:27,3.0,0.0
Puducherry,8,3,5,0,2020-05-04,23:58:27,0.0,7.0
Punjab,1102,964,117,21,2020-05-04,23:58:27,330.0,0.0
Rajasthan,2886,1459,1356,71,2020-05-04,23:58:27,114.0,0.0
Tamil Nadu,3023,1614,1379,30,2020-05-04,23:58:27,266.0,0.0
Telengana,1082,563,490,29,2020-05-04,23:58:27,19.0,0.0
Tripura,16,14,2,0,2020-05-04,23:58:27,12.0,0.0
Uttarakhand,60,20,39,1,2020-05-04,23:58:27,1.0,0.0
Uttar Pradesh,2742,1939,758,45,2020-05-04,23:58:27,116.0,0.0
West Bengal,963,777,151,35,2020-05-04,23:58:27,41.0,0.0
Andaman and Nicobar Islands,33,1,32,0,2020-05-05,23:58:05,0.0,9.0
Andhra Pradesh,1717,1092,589,36,2020-05-05,23:58:05,67.0,0.0
Arunachal Pradesh,1,0,1,0,2020-05-05,23:58:05,0.0,32.0
Assam,43,10,32,1,2020-05-05,23:58:05,0.0,3.0
Bihar,529,395,130,4,2020-05-05,23:58:05,12.0,0.0
Chandigarh,102,80,21,1,2020-05-05,23:58:05,8.0,0.0
Chhattisgarh,58,22,36,0,2020-05-05,23:58:05,1.0,0.0
Delhi,4898,3403,1431,64,2020-05-05,23:58:05,349.0,0.0
Goa,7,0,7,0,2020-05-05,23:58:05,0.0,30.0
Gujarat,5804,4290,1195,319,2020-05-05,23:58:05,376.0,0.0
Haryana,517,257,254,6,2020-05-05,23:58:05,75.0,0.0
Himachal Pradesh,41,2,38,1,2020-05-05,23:58:05,1.0,0.0
Jammu and Kashmir,726,415,303,8,2020-05-05,23:58:05,25.0,0.0
Jharkhand,115,85,27,3,2020-05-05,23:58:05,0.0,2.0
Karnataka,659,307,324,28,2020-05-05,23:58:05,17.0,0.0
Kerala,500,34,462,4,2020-05-05,23:58:05,0.0,2.0
Ladakh,41,24,17,0,2020-05-05,23:58:05,0.0,1.0
Madhya Pradesh,3049,1873,1000,176,2020-05-05,23:58:05,107.0,0.0
Maharashtra,14541,11493,2465,583,2020-05-05,23:58:05,1567.0,0.0
Manipur,2,0,2,0,2020-05-05,23:58:05,0.0,26.0
Meghalaya,12,1,10,1,2020-05-05,23:58:05,0.0,13.0
Mizoram,1,1,0,0,2020-05-05,23:58:05,0.0,41.0
Odisha,170,109,60,1,2020-05-05,23:58:05,7.0,0.0
Puducherry,9,3,6,0,2020-05-05,23:58:05,1.0,0.0
Punjab,1233,1082,128,23,2020-05-05,23:58:05,131.0,0.0
Rajasthan,3061,1590,1394,77,2020-05-05,23:58:05,175.0,0.0
Tamil Nadu,3550,2110,1409,31,2020-05-05,23:58:05,527.0,0.0
Telengana,1085,471,585,29,2020-05-05,23:58:05,3.0,0.0
Tripura,29,27,2,0,2020-05-05,23:58:05,13.0,0.0
Uttarakhand,60,20,39,1,2020-05-05,23:58:05,0.0,1.0
Uttar Pradesh,2859,1862,944,53,2020-05-05,23:58:05,117.0,0.0
West Bengal,1259,908,218,133,2020-05-05,23:58:05,296.0,0.0
Andaman and Nicobar Islands,33,1,32,0,2020-05-06,23:55:06,0.0,10.0
Andhra Pradesh,1717,1092,589,36,2020-05-06,23:55:06,0.0,1.0
Arunachal Pradesh,1,0,1,0,2020-05-06,23:55:06,0.0,33.0
Assam,43,10,32,1,2020-05-06,23:55:06,0.0,4.0
Bihar,536,390,142,4,2020-05-06,23:55:06,7.0,0.0
Chandigarh,111,89,21,1,2020-05-06,23:55:06,9.0,0.0
Chhattisgarh,59,23,36,0,2020-05-06,23:55:06,1.0,0.0
Dadar Nagar Haveli,1,1,0,0,2020-05-06,23:55:06,0.0,0.0
Delhi,5104,3572,1468,64,2020-05-06,23:55:06,206.0,0.0
Goa,7,0,7,0,2020-05-06,23:55:06,0.0,31.0
Gujarat,6245,4496,1381,368,2020-05-06,23:55:06,441.0,0.0
Haryana,548,286,256,6,2020-05-06,23:55:06,31.0,0.0
Himachal Pradesh,42,2,38,2,2020-05-06,23:55:06,1.0,0.0
Jammu and Kashmir,741,413,320,8,2020-05-06,23:55:06,15.0,0.0
Jharkhand,125,89,33,3,2020-05-06,23:55:06,10.0,0.0
Karnataka,671,311,331,29,2020-05-06,23:55:06,12.0,0.0
Kerala,502,36,462,4,2020-05-06,23:55:06,2.0,0.0
Ladakh,41,24,17,0,2020-05-06,23:55:06,0.0,2.0
Madhya Pradesh,3049,1873,1000,176,2020-05-06,23:55:06,0.0,1.0
Maharashtra,15525,12089,2819,617,2020-05-06,23:55:06,984.0,0.0
Manipur,2,0,2,0,2020-05-06,23:55:06,0.0,27.0
Meghalaya,12,1,10,1,2020-05-06,23:55:06,0.0,14.0
Mizoram,1,1,0,0,2020-05-06,23:55:06,0.0,42.0
Odisha,175,114,60,1,2020-05-06,23:55:06,5.0,0.0
Puducherry,9,3,6,0,2020-05-06,23:55:06,0.0,1.0
Punjab,1451,1293,133,25,2020-05-06,23:55:06,218.0,0.0
Rajasthan,3158,1544,1525,89,2020-05-06,23:55:06,97.0,0.0
Tamil Nadu,4058,2540,1485,33,2020-05-06,23:55:06,508.0,0.0
Telengana,1096,482,585,29,2020-05-06,23:55:06,11.0,0.0
Tripura,43,41,2,0,2020-05-06,23:55:06,14.0,0.0
Uttarakhand,61,21,39,1,2020-05-06,23:55:06,1.0,0.0
Uttar Pradesh,2880,1837,987,56,2020-05-06,23:55:06,21.0,0.0
West Bengal,1344,840,364,140,2020-05-06,23:55:06,85.0,0.0
Andaman and Nicobar Islands,33,1,32,0,2020-05-07,23:57:11,0.0,11.0
Andhra Pradesh,1777,1012,729,36,2020-05-07,23:57:11,60.0,0.0
Arunachal Pradesh,1,0,1,0,2020-05-07,23:57:11,0.0,34.0
Assam,45,12,32,1,2020-05-07,23:57:11,2.0,0.0
Bihar,542,350,188,4,2020-05-07,23:57:11,6.0,0.0
Chandigarh,120,98,21,1,2020-05-07,23:57:11,9.0,0.0
Chhattisgarh,59,23,36,0,2020-05-07,23:57:11,0.0,1.0
Dadar Nagar Haveli,1,1,0,0,2020-05-07,23:57:11,0.0,1.0
Delhi,5532,3925,1542,65,2020-05-07,23:57:11,428.0,0.0
Goa,7,0,7,0,2020-05-07,23:57:11,0.0,32.0
Gujarat,6625,4729,1500,396,2020-05-07,23:57:11,380.0,0.0
Haryana,594,327,260,7,2020-05-07,23:57:11,46.0,0.0
Himachal Pradesh,45,5,38,2,2020-05-07,23:57:11,3.0,0.0
Jammu and Kashmir,775,445,322,8,2020-05-07,23:57:11,34.0,0.0
Jharkhand,127,87,37,3,2020-05-07,23:57:11,2.0,0.0
Karnataka,693,310,354,29,2020-05-07,23:57:11,22.0,0.0
Kerala,503,30,469,4,2020-05-07,23:57:11,1.0,0.0
Ladakh,41,24,17,0,2020-05-07,23:57:11,0.0,3.0
Madhya Pradesh,3138,1854,1099,185,2020-05-07,23:57:11,89.0,0.0
Maharashtra,16758,13013,3094,651,2020-05-07,23:57:11,1233.0,0.0
Manipur,2,0,2,0,2020-05-07,23:57:11,0.0,28.0
Meghalaya,12,1,10,1,2020-05-07,23:57:11,0.0,15.0
Mizoram,1,1,0,0,2020-05-07,23:57:11,0.0,43.0
Odisha,185,122,61,2,2020-05-07,23:57:11,10.0,0.0
Puducherry,9,3,6,0,2020-05-07,23:57:11,0.0,2.0
Punjab,1516,1354,135,27,2020-05-07,23:57:11,65.0,0.0
Rajasthan,3317,1629,1596,92,2020-05-07,23:57:11,159.0,0.0
Tamil Nadu,4829,3278,1516,35,2020-05-07,23:57:11,771.0,0.0
Telengana,1107,450,628,29,2020-05-07,23:57:11,11.0,0.0
Tripura,43,41,2,0,2020-05-07,23:57:11,0.0,1.0
Uttarakhand,61,21,39,1,2020-05-07,23:57:11,0.0,1.0
Uttar Pradesh,2998,1808,1130,60,2020-05-07,23:57:11,118.0,0.0
West Bengal,1456,948,364,144,2020-05-07,23:57:11,112.0,0.0
Andaman and Nicobar Islands,33,1,32,0,2020-05-08,06:44:07,0.0,12.0
Andhra Pradesh,1777,1012,729,36,2020-05-08,06:44:07,0.0,1.0
Arunachal Pradesh,1,0,1,0,2020-05-08,06:44:07,0.0,35.0
Assam,45,12,32,1,2020-05-08,06:44:07,0.0,1.0
Bihar,542,350,188,4,2020-05-08,06:44:07,0.0,1.0
Chandigarh,120,98,21,1,2020-05-08,06:44:07,0.0,1.0
Chhattisgarh,59,23,36,0,2020-05-08,06:44:07,0.0,2.0
Dadar Nagar Haveli,1,1,0,0,2020-05-08,06:44:07,0.0,2.0
Delhi,5532,3925,1542,65,2020-05-08,06:44:07,0.0,1.0
Goa,7,0,7,0,2020-05-08,06:44:07,0.0,33.0
Gujarat,6625,4729,1500,396,2020-05-08,06:44:07,0.0,1.0
Haryana,594,327,260,7,2020-05-08,06:44:07,0.0,1.0
Himachal Pradesh,45,5,38,2,2020-05-08,06:44:07,0.0,1.0
Jammu and Kashmir,775,445,322,8,2020-05-08,06:44:07,0.0,1.0
Jharkhand,127,87,37,3,2020-05-08,06:44:07,0.0,1.0
Karnataka,693,310,354,29,2020-05-08,06:44:07,0.0,1.0
Kerala,503,30,469,4,2020-05-08,06:44:07,0.0,1.0
Ladakh,41,24,17,0,2020-05-08,06:44:07,0.0,4.0
Madhya Pradesh,3138,1854,1099,185,2020-05-08,06:44:07,0.0,1.0
Maharashtra,16758,13013,3094,651,2020-05-08,06:44:07,0.0,1.0
Manipur,2,0,2,0,2020-05-08,06:44:07,0.0,29.0
Meghalaya,12,1,10,1,2020-05-08,06:44:07,0.0,16.0
Mizoram,1,1,0,0,2020-05-08,06:44:07,0.0,44.0
Odisha,185,122,61,2,2020-05-08,06:44:07,0.0,1.0
Puducherry,9,3,6,0,2020-05-08,06:44:07,0.0,3.0
Punjab,1516,1354,135,27,2020-05-08,06:44:07,0.0,1.0
Rajasthan,3317,1629,1596,92,2020-05-08,06:44:07,0.0,1.0
Tamil Nadu,4829,3278,1516,35,2020-05-08,06:44:07,0.0,1.0
Telengana,1107,450,628,29,2020-05-08,06:44:07,0.0,1.0
Tripura,43,41,2,0,2020-05-08,06:44:07,0.0,2.0
Uttarakhand,61,21,39,1,2020-05-08,06:44:07,0.0,2.0
Uttar Pradesh,2998,1808,1130,60,2020-05-08,06:44:07,0.0,1.0
West Bengal,1456,948,364,144,2020-05-08,06:44:07,0.0,1.0
